,TIME,Germany_unemployment_rate,time_close,BTC_closing_price,yfit,xfit
0,01/04/2015,4.7,2015-04-30 00:00:00+00:00,146.12,4.038659552,146.12
1,01/05/2015,4.7,2015-05-31 00:00:00+00:00,153.06,4.038343597,187.4617384
2,01/06/2015,4.7,2015-06-30 00:00:00+00:00,154.97,4.037951824,228.8034768
3,01/07/2015,4.6,2015-07-31 00:00:00+00:00,181.0033333,4.037485217,270.1452152
4,01/08/2015,4.6,2015-08-31 00:00:00+00:00,162.8566667,4.036944751,311.4869536
5,01/09/2015,4.5,2015-09-30 00:00:00+00:00,154.5766667,4.0363314,352.828692
6,01/10/2015,4.5,2015-10-31 00:00:00+00:00,172.75,4.035646129,394.1704304
7,01/11/2015,4.5,2015-11-30 00:00:00+00:00,230.2366667,4.0348899,435.5121688
8,01/12/2015,4.5,2015-12-31 00:00:00+00:00,290.2266667,4.034063668,476.8539072
9,01/01/2016,4.4,2016-01-31 00:00:00+00:00,292.6233333,4.033168382,518.1956456
10,01/02/2016,4.3,2016-02-29 00:00:00+00:00,274.1833333,4.032204988,559.5373841
11,01/03/2016,4.3,2016-03-31 00:00:00+00:00,289.38,4.031174425,600.8791225
12,01/04/2016,4.3,2016-04-30 00:00:00+00:00,309.3433333,4.030077626,642.2208609
13,01/05/2016,4.2,2016-05-31 00:00:00+00:00,314.1633333,4.02891552,683.5625993
14,01/06/2016,4.2,2016-06-30 00:00:00+00:00,419.3966667,4.02768903,724.9043377
15,01/07/2016,4.2,2016-07-31 00:00:00+00:00,515.3733333,4.026399073,766.2460761
16,01/08/2016,4.1,2016-08-31 00:00:00+00:00,449.8475,4.025046563,807.5878145
17,01/09/2016,4.1,2016-09-30 00:00:00+00:00,472.7133333,4.023632405,848.9295529
18,01/10/2016,4,2016-10-31 00:00:00+00:00,532.6866667,4.022157502,890.2712913
19,01/11/2016,3.9,2016-11-30 00:00:00+00:00,598.0533333,4.02062275,931.6130297
20,01/12/2016,3.9,2016-12-31 00:00:00+00:00,686.7433333,4.019029039,972.9547681
21,01/01/2017,3.9,2017-01-31 00:00:00+00:00,738.9866667,4.017377257,1014.296507
22,01/02/2017,3.9,2017-02-28 00:00:00+00:00,887.9966667,4.015668282,1055.638245
23,01/03/2017,3.9,2017-03-31 00:00:00+00:00,883.1233333,4.013902991,1096.979983
24,01/04/2017,3.8,2017-04-30 00:00:00+00:00,983.2333333,4.012082253,1138.321722
25,01/05/2017,3.8,2017-05-31 00:00:00+00:00,1514.836667,4.010206933,1179.66346
26,01/06/2017,3.8,2017-06-30 00:00:00+00:00,2067.993333,4.008277891,1221.005199
27,01/07/2017,3.7,2017-07-31 00:00:00+00:00,1900.401667,4.006295981,1262.346937
28,01/08/2017,3.7,2017-08-31 00:00:00+00:00,3106.505667,4.004262052,1303.688675
29,01/09/2017,3.7,2017-09-30 00:00:00+00:00,3057.803333,4.002176948,1345.030414
30,01/10/2017,3.7,2017-10-31 00:00:00+00:00,4017.106667,4.000041507,1386.372152
31,01/11/2017,3.6,2017-11-30 00:00:00+00:00,5717.056667,3.997856564,1427.713891
32,01/12/2017,3.6,2017-12-31 00:00:00+00:00,10770.06333,3.995622946,1469.055629
33,01/01/2018,3.5,2018-01-31 00:00:00+00:00,9876.883333,3.993341477,1510.397367
34,01/02/2018,3.5,2018-02-28 00:00:00+00:00,6633.08,3.991012975,1551.739106
35,01/03/2018,3.5,2018-03-31 00:00:00+00:00,6785.493333,3.988638253,1593.080844
36,01/04/2018,3.4,2018-04-30 00:00:00+00:00,5766.466667,3.98621812,1634.422583
37,01/05/2018,3.4,2018-05-31 00:00:00+00:00,6420.746667,3.983753377,1675.764321
38,01/06/2018,3.4,2018-06-30 00:00:00+00:00,5078.6,3.981244823,1717.106059
39,01/07/2018,3.4,2018-07-31 00:00:00+00:00,5157.97,3.97869325,1758.447798
40,01/08/2018,3.4,2018-08-31 00:00:00+00:00,5311.565,3.976099446,1799.789536
41,01/09/2018,3.4,2018-09-30 00:00:00+00:00,4960.323333,3.973464194,1841.131275
42,01/10/2018,3.3,2018-10-31 00:00:00+00:00,4997.333333,3.970788271,1882.473013
43,01/11/2018,3.3,2018-11-30 00:00:00+00:00,3994.5,3.96807245,1923.814751
44,01/12/2018,3.3,2018-12-31 00:00:00+00:00,2912.856667,3.965317499,1965.15649
45,01/01/2019,3.3,2019-01-31 00:00:00+00:00,2866.256667,3.962524179,2006.498228
46,01/02/2019,3.2,2019-02-28 00:00:00+00:00,2763.476667,3.959693249,2047.839967
47,01/03/2019,3.2,2019-03-31 00:00:00+00:00,3065.156667,3.956825461,2089.181705
48,01/04/2019,3.2,2019-04-30 00:00:00+00:00,4040.2,3.953921564,2130.523443
49,01/05/2019,3.1,2019-05-31 00:00:00+00:00,5750.463333,3.950982299,2171.865182
50,01/06/2019,3.1,2019-06-30 00:00:00+00:00,7522.53,3.948008404,2213.20692
51,01/07/2019,3.1,2019-07-31 00:00:00+00:00,8224.346667,3.945000613,2254.548659
52,01/08/2019,3.1,2019-08-31 00:00:00+00:00,8805.886667,3.941959654,2295.890397
53,01/09/2019,3.1,2019-09-30 00:00:00+00:00,7895.406667,3.938886249,2337.232135
54,01/10/2019,3.1,2019-10-31 00:00:00+00:00,6597.956667,3.935781117,2378.573874
55,01/11/2019,3.2,2019-11-30 00:00:00+00:00,6469.213333,3.932644971,2419.915612
56,01/12/2019,3.3,2019-12-31 00:00:00+00:00,5474.086667,3.92947852,2461.257351
57,01/01/2020,3.4,2020-01-31 00:00:00+00:00,6082.556667,3.926282467,2502.599089
58,01/02/2020,3.5,2020-02-29 00:00:00+00:00,7530.593333,3.923057511,2543.940827
59,01/03/2020,3.6,2020-03-31 00:00:00+00:00,5720.506667,3.919804347,2585.282566
60,01/04/2020,3.7,2020-04-30 00:00:00+00:00,5614.063333,3.916523664,2626.624304
61,01/05/2020,3.8,2020-05-31 00:00:00+00:00,7320.54,3.913216145,2667.966043
62,01/06/2020,3.9,2020-06-30 00:00:00+00:00,7693.09,3.909882472,2709.307781
63,01/07/2020,4,2020-07-31 00:00:00+00:00,7717.5375,3.906523317,2750.64952
64,01/08/2020,4.1,2020-08-31 00:00:00+00:00,8968.646667,3.903139353,2791.991258
65,01/09/2020,4.1,2020-09-30 00:00:00+00:00,8304.48,3.899731243,2833.332996
66,01/10/2020,4.1,2020-10-31 00:00:00+00:00,9331.256667,3.89629965,2874.674735
67,01/11/2020,4.1,2020-11-30 00:00:00+00:00,12850.81,3.892845228,2916.016473
68,01/12/2020,4,2020-12-31 00:00:00+00:00,16988.72333,3.889368629,2957.358212
69,01/01/2021,3.9,2021-01-31 00:00:00+00:00,25970.10667,3.8858705,2998.69995
70,01/02/2021,3.9,2021-02-28 00:00:00+00:00,32549.94333,3.882351483,3040.041688
71,01/03/2021,3.8,2021-03-31 00:00:00+00:00,39925.35667,3.878812214,3081.383427
72,01/04/2021,3.7,2021-04-30 00:00:00+00:00,41446.51667,3.875253326,3122.725165
73,01/05/2021,3.6,2021-05-31 00:00:00+00:00,33007.26333,3.871675448,3164.066904
74,01/06/2021,3.5,2021-06-30 00:00:00+00:00,25347.84333,3.868079202,3205.408642
75,01/07/2021,3.4,2021-07-31 00:00:00+00:00,24324.59667,3.864465208,3246.75038
76,01/08/2021,3.4,2021-08-31 00:00:00+00:00,32926.09,3.860834078,3288.092119
77,01/09/2021,3.3,2021-09-30 00:00:00+00:00,33857.72,3.857186424,3329.433857
78,01/10/2021,3.3,2021-10-31 00:00:00+00:00,40583.98667,3.853522849,3370.775596
79,,,,,3.849843954,3412.117334
80,,,,,3.846150335,3453.459072
81,,,,,3.842442582,3494.800811
82,,,,,3.838721284,3536.142549
83,,,,,3.834987021,3577.484288
84,,,,,3.831240372,3618.826026
85,,,,,3.82748191,3660.167764
86,,,,,3.823712203,3701.509503
87,,,,,3.819931817,3742.851241
88,,,,,3.816141309,3784.19298
89,,,,,3.812341236,3825.534718
90,,,,,3.80853215,3866.876456
91,,,,,3.804714595,3908.218195
92,,,,,3.800889115,3949.559933
93,,,,,3.797056247,3990.901672
94,,,,,3.793216524,4032.24341
95,,,,,3.789370476,4073.585148
96,,,,,3.785518626,4114.926887
97,,,,,3.781661496,4156.268625
98,,,,,3.7777996,4197.610364
99,,,,,3.773933451,4238.952102
100,,,,,3.770063557,4280.293841
101,,,,,3.766190419,4321.635579
102,,,,,3.762314536,4362.977317
103,,,,,3.758436404,4404.319056
104,,,,,3.754556512,4445.660794
105,,,,,3.750675346,4487.002533
106,,,,,3.746793388,4528.344271
107,,,,,3.742911116,4569.686009
108,,,,,3.739029002,4611.027748
109,,,,,3.735147516,4652.369486
110,,,,,3.731267122,4693.711225
111,,,,,3.727388282,4735.052963
112,,,,,3.723511452,4776.394701
113,,,,,3.719637084,4817.73644
114,,,,,3.715765627,4859.078178
115,,,,,3.711897524,4900.419917
116,,,,,3.708033216,4941.761655
117,,,,,3.70417314,4983.103393
118,,,,,3.700317726,5024.445132
119,,,,,3.696467402,5065.78687
120,,,,,3.692622593,5107.128609
121,,,,,3.688783718,5148.470347
122,,,,,3.684951192,5189.812085
123,,,,,3.681125428,5231.153824
124,,,,,3.677306833,5272.495562
125,,,,,3.67349581,5313.837301
126,,,,,3.66969276,5355.179039
127,,,,,3.665898077,5396.520777
128,,,,,3.662112154,5437.862516
129,,,,,3.658335379,5479.204254
130,,,,,3.654568135,5520.545993
131,,,,,3.650810803,5561.887731
132,,,,,3.647063757,5603.229469
133,,,,,3.643327371,5644.571208
134,,,,,3.639602013,5685.912946
135,,,,,3.635888046,5727.254685
136,,,,,3.632185832,5768.596423
137,,,,,3.628495728,5809.938161
138,,,,,3.624818085,5851.2799
139,,,,,3.621153253,5892.621638
140,,,,,3.617501577,5933.963377
141,,,,,3.613863399,5975.305115
142,,,,,3.610239056,6016.646854
143,,,,,3.606628882,6057.988592
144,,,,,3.603033206,6099.33033
145,,,,,3.599452357,6140.672069
146,,,,,3.595886655,6182.013807
147,,,,,3.59233642,6223.355546
148,,,,,3.588801967,6264.697284
149,,,,,3.585283607,6306.039022
150,,,,,3.581781648,6347.380761
151,,,,,3.578296395,6388.722499
152,,,,,3.574828147,6430.064238
153,,,,,3.571377202,6471.405976
154,,,,,3.567943852,6512.747714
155,,,,,3.564528387,6554.089453
156,,,,,3.561131094,6595.431191
157,,,,,3.557752253,6636.77293
158,,,,,3.554392145,6678.114668
159,,,,,3.551051044,6719.456406
160,,,,,3.547729221,6760.798145
161,,,,,3.544426945,6802.139883
162,,,,,3.541144481,6843.481622
163,,,,,3.537882089,6884.82336
164,,,,,3.534640026,6926.165098
165,,,,,3.531418547,6967.506837
166,,,,,3.528217902,7008.848575
167,,,,,3.525038339,7050.190314
168,,,,,3.5218801,7091.532052
169,,,,,3.518743425,7132.87379
170,,,,,3.515628552,7174.215529
171,,,,,3.512535714,7215.557267
172,,,,,3.50946514,7256.899006
173,,,,,3.506417056,7298.240744
174,,,,,3.503391686,7339.582482
175,,,,,3.50038925,7380.924221
176,,,,,3.497409964,7422.265959
177,,,,,3.49445404,7463.607698
178,,,,,3.491521688,7504.949436
179,,,,,3.488613114,7546.291175
180,,,,,3.485728522,7587.632913
181,,,,,3.482868111,7628.974651
182,,,,,3.480032077,7670.31639
183,,,,,3.477220614,7711.658128
184,,,,,3.474433911,7752.999867
185,,,,,3.471672154,7794.341605
186,,,,,3.468935528,7835.683343
187,,,,,3.466224212,7877.025082
188,,,,,3.463538383,7918.36682
189,,,,,3.460878215,7959.708559
190,,,,,3.458243877,8001.050297
191,,,,,3.455635539,8042.392035
192,,,,,3.453053363,8083.733774
193,,,,,3.45049751,8125.075512
194,,,,,3.447968139,8166.417251
195,,,,,3.445465404,8207.758989
196,,,,,3.442989457,8249.100727
197,,,,,3.440540446,8290.442466
198,,,,,3.438118517,8331.784204
199,,,,,3.435723812,8373.125943
200,,,,,3.43335647,8414.467681
201,,,,,3.431016627,8455.809419
202,,,,,3.428704418,8497.151158
203,,,,,3.42641997,8538.492896
204,,,,,3.424163413,8579.834635
205,,,,,3.42193487,8621.176373
206,,,,,3.419734462,8662.518111
207,,,,,3.417562307,8703.85985
208,,,,,3.415418521,8745.201588
209,,,,,3.413303215,8786.543327
210,,,,,3.411216499,8827.885065
211,,,,,3.40915848,8869.226803
212,,,,,3.40712926,8910.568542
213,,,,,3.405128941,8951.91028
214,,,,,3.403157619,8993.252019
215,,,,,3.401215391,9034.593757
216,,,,,3.399302346,9075.935495
217,,,,,3.397418576,9117.277234
218,,,,,3.395564165,9158.618972
219,,,,,3.393739197,9199.960711
220,,,,,3.391943753,9241.302449
221,,,,,3.390177911,9282.644188
222,,,,,3.388441745,9323.985926
223,,,,,3.386735327,9365.327664
224,,,,,3.385058727,9406.669403
225,,,,,3.383412012,9448.011141
226,,,,,3.381795246,9489.35288
227,,,,,3.380208489,9530.694618
228,,,,,3.3786518,9572.036356
229,,,,,3.377125235,9613.378095
230,,,,,3.375628847,9654.719833
231,,,,,3.374162687,9696.061572
232,,,,,3.372726801,9737.40331
233,,,,,3.371321235,9778.745048
234,,,,,3.369946032,9820.086787
235,,,,,3.368601231,9861.428525
236,,,,,3.367286869,9902.770264
237,,,,,3.366002981,9944.112002
238,,,,,3.364749599,9985.45374
239,,,,,3.363526753,10026.79548
240,,,,,3.362334468,10068.13722
241,,,,,3.361172769,10109.47896
242,,,,,3.360041678,10150.82069
243,,,,,3.358941215,10192.16243
244,,,,,3.357871395,10233.50417
245,,,,,3.356832233,10274.84591
246,,,,,3.35582374,10316.18765
247,,,,,3.354845926,10357.52939
248,,,,,3.353898797,10398.87112
249,,,,,3.352982358,10440.21286
250,,,,,3.35209661,10481.5546
251,,,,,3.351241553,10522.89634
252,,,,,3.350417183,10564.23808
253,,,,,3.349623496,10605.57982
254,,,,,3.348860483,10646.92155
255,,,,,3.348128134,10688.26329
256,,,,,3.347426436,10729.60503
257,,,,,3.346755374,10770.94677
258,,,,,3.346114931,10812.28851
259,,,,,3.345505088,10853.63025
260,,,,,3.344925822,10894.97199
261,,,,,3.34437711,10936.31372
262,,,,,3.343858923,10977.65546
263,,,,,3.343371234,11018.9972
264,,,,,3.342914012,11060.33894
265,,,,,3.342487222,11101.68068
266,,,,,3.34209083,11143.02242
267,,,,,3.341724798,11184.36415
268,,,,,3.341389084,11225.70589
269,,,,,3.341083648,11267.04763
270,,,,,3.340808444,11308.38937
271,,,,,3.340563426,11349.73111
272,,,,,3.340348544,11391.07285
273,,,,,3.340163749,11432.41458
274,,,,,3.340008986,11473.75632
275,,,,,3.3398842,11515.09806
276,,,,,3.339789334,11556.4398
277,,,,,3.339724329,11597.78154
278,,,,,3.339689122,11639.12328
279,,,,,3.33968365,11680.46502
280,,,,,3.339707847,11721.80675
281,,,,,3.339761645,11763.14849
282,,,,,3.339844975,11804.49023
283,,,,,3.339957764,11845.83197
284,,,,,3.340099938,11887.17371
285,,,,,3.340271421,11928.51545
286,,,,,3.340472136,11969.85718
287,,,,,3.340702002,12011.19892
288,,,,,3.340960938,12052.54066
289,,,,,3.341248858,12093.8824
290,,,,,3.341565679,12135.22414
291,,,,,3.341911311,12176.56588
292,,,,,3.342285665,12217.90761
293,,,,,3.34268865,12259.24935
294,,,,,3.343120171,12300.59109
295,,,,,3.343580134,12341.93283
296,,,,,3.344068441,12383.27457
297,,,,,3.344584993,12424.61631
298,,,,,3.345129689,12465.95804
299,,,,,3.345702426,12507.29978
300,,,,,3.3463031,12548.64152
301,,,,,3.346931603,12589.98326
302,,,,,3.347587828,12631.325
303,,,,,3.348271665,12672.66674
304,,,,,3.348983001,12714.00848
305,,,,,3.349721723,12755.35021
306,,,,,3.350487716,12796.69195
307,,,,,3.351280863,12838.03369
308,,,,,3.352101044,12879.37543
309,,,,,3.352948139,12920.71717
310,,,,,3.353822027,12962.05891
311,,,,,3.354722582,13003.40064
312,,,,,3.35564968,13044.74238
313,,,,,3.356603193,13086.08412
314,,,,,3.357582992,13127.42586
315,,,,,3.358588947,13168.7676
316,,,,,3.359620925,13210.10934
317,,,,,3.360678793,13251.45107
318,,,,,3.361762415,13292.79281
319,,,,,3.362871655,13334.13455
320,,,,,3.364006373,13375.47629
321,,,,,3.365166429,13416.81803
322,,,,,3.366351682,13458.15977
323,,,,,3.367561989,13499.5015
324,,,,,3.368797205,13540.84324
325,,,,,3.370057183,13582.18498
326,,,,,3.371341776,13623.52672
327,,,,,3.372650834,13664.86846
328,,,,,3.373984208,13706.2102
329,,,,,3.375341743,13747.55194
330,,,,,3.376723288,13788.89367
331,,,,,3.378128686,13830.23541
332,,,,,3.379557782,13871.57715
333,,,,,3.381010416,13912.91889
334,,,,,3.382486431,13954.26063
335,,,,,3.383985665,13995.60237
336,,,,,3.385507956,14036.9441
337,,,,,3.38705314,14078.28584
338,,,,,3.388621054,14119.62758
339,,,,,3.390211529,14160.96932
340,,,,,3.3918244,14202.31106
341,,,,,3.393459497,14243.6528
342,,,,,3.39511665,14284.99453
343,,,,,3.396795688,14326.33627
344,,,,,3.398496438,14367.67801
345,,,,,3.400218725,14409.01975
346,,,,,3.401962376,14450.36149
347,,,,,3.403727213,14491.70323
348,,,,,3.405513058,14533.04496
349,,,,,3.407319733,14574.3867
350,,,,,3.409147057,14615.72844
351,,,,,3.41099485,14657.07018
352,,,,,3.412862929,14698.41192
353,,,,,3.414751109,14739.75366
354,,,,,3.416659207,14781.0954
355,,,,,3.418587037,14822.43713
356,,,,,3.42053441,14863.77887
357,,,,,3.42250114,14905.12061
358,,,,,3.424487036,14946.46235
359,,,,,3.426491909,14987.80409
360,,,,,3.428515566,15029.14583
361,,,,,3.430557816,15070.48756
362,,,,,3.432618465,15111.8293
363,,,,,3.434697317,15153.17104
364,,,,,3.436794178,15194.51278
365,,,,,3.438908851,15235.85452
366,,,,,3.441041137,15277.19626
367,,,,,3.443190839,15318.53799
368,,,,,3.445357756,15359.87973
369,,,,,3.447541689,15401.22147
370,,,,,3.449742434,15442.56321
371,,,,,3.45195979,15483.90495
372,,,,,3.454193554,15525.24669
373,,,,,3.456443521,15566.58843
374,,,,,3.458709485,15607.93016
375,,,,,3.46099124,15649.2719
376,,,,,3.46328858,15690.61364
377,,,,,3.465601296,15731.95538
378,,,,,3.46792918,15773.29712
379,,,,,3.470272021,15814.63886
380,,,,,3.47262961,15855.98059
381,,,,,3.475001735,15897.32233
382,,,,,3.477388184,15938.66407
383,,,,,3.479788744,15980.00581
384,,,,,3.482203201,16021.34755
385,,,,,3.484631341,16062.68929
386,,,,,3.487072949,16104.03102
387,,,,,3.489527808,16145.37276
388,,,,,3.491995703,16186.7145
389,,,,,3.494476414,16228.05624
390,,,,,3.496969726,16269.39798
391,,,,,3.499475418,16310.73972
392,,,,,3.50199327,16352.08145
393,,,,,3.504523064,16393.42319
394,,,,,3.507064578,16434.76493
395,,,,,3.509617591,16476.10667
396,,,,,3.512181879,16517.44841
397,,,,,3.514757222,16558.79015
398,,,,,3.517343395,16600.13189
399,,,,,3.519940174,16641.47362
400,,,,,3.522547335,16682.81536
401,,,,,3.525164653,16724.1571
402,,,,,3.527791902,16765.49884
403,,,,,3.530428856,16806.84058
404,,,,,3.533075287,16848.18232
405,,,,,3.53573097,16889.52405
406,,,,,3.538395676,16930.86579
407,,,,,3.541069176,16972.20753
408,,,,,3.543751243,17013.54927
409,,,,,3.546441646,17054.89101
410,,,,,3.549140157,17096.23275
411,,,,,3.551846544,17137.57448
412,,,,,3.554560578,17178.91622
413,,,,,3.557282027,17220.25796
414,,,,,3.56001066,17261.5997
415,,,,,3.562746245,17302.94144
416,,,,,3.565488551,17344.28318
417,,,,,3.568237343,17385.62491
418,,,,,3.57099239,17426.96665
419,,,,,3.573753458,17468.30839
420,,,,,3.576520314,17509.65013
421,,,,,3.579292724,17550.99187
422,,,,,3.582070452,17592.33361
423,,,,,3.584853266,17633.67535
424,,,,,3.587640929,17675.01708
425,,,,,3.590433208,17716.35882
426,,,,,3.593229866,17757.70056
427,,,,,3.596030667,17799.0423
428,,,,,3.598835377,17840.38404
429,,,,,3.601643759,17881.72578
430,,,,,3.604455576,17923.06751
431,,,,,3.607270593,17964.40925
432,,,,,3.610088572,18005.75099
433,,,,,3.612909276,18047.09273
434,,,,,3.615732469,18088.43447
435,,,,,3.618557914,18129.77621
436,,,,,3.621385373,18171.11794
437,,,,,3.624214608,18212.45968
438,,,,,3.627045382,18253.80142
439,,,,,3.629877458,18295.14316
440,,,,,3.632710598,18336.4849
441,,,,,3.635544564,18377.82664
442,,,,,3.638379118,18419.16838
443,,,,,3.641214022,18460.51011
444,,,,,3.644049038,18501.85185
445,,,,,3.646883928,18543.19359
446,,,,,3.649718455,18584.53533
447,,,,,3.652552379,18625.87707
448,,,,,3.655385464,18667.21881
449,,,,,3.658217472,18708.56054
450,,,,,3.661048163,18749.90228
451,,,,,3.663877301,18791.24402
452,,,,,3.666704648,18832.58576
453,,,,,3.669529965,18873.9275
454,,,,,3.672353016,18915.26924
455,,,,,3.675173562,18956.61097
456,,,,,3.677991367,18997.95271
457,,,,,3.680806192,19039.29445
458,,,,,3.683617801,19080.63619
459,,,,,3.686425957,19121.97793
460,,,,,3.689230422,19163.31967
461,,,,,3.692030961,19204.6614
462,,,,,3.694827336,19246.00314
463,,,,,3.697619311,19287.34488
464,,,,,3.70040665,19328.68662
465,,,,,3.703189117,19370.02836
466,,,,,3.705966477,19411.3701
467,,,,,3.708738493,19452.71184
468,,,,,3.711504932,19494.05357
469,,,,,3.714265557,19535.39531
470,,,,,3.717020136,19576.73705
471,,,,,3.719768432,19618.07879
472,,,,,3.722510212,19659.42053
473,,,,,3.725245242,19700.76227
474,,,,,3.72797329,19742.104
475,,,,,3.730694122,19783.44574
476,,,,,3.733407505,19824.78748
477,,,,,3.736113208,19866.12922
478,,,,,3.738810997,19907.47096
479,,,,,3.741500643,19948.8127
480,,,,,3.744181913,19990.15443
481,,,,,3.746854577,20031.49617
482,,,,,3.749518406,20072.83791
483,,,,,3.752173168,20114.17965
484,,,,,3.754818635,20155.52139
485,,,,,3.757454578,20196.86313
486,,,,,3.760080768,20238.20486
487,,,,,3.762696978,20279.5466
488,,,,,3.765302981,20320.88834
489,,,,,3.767898549,20362.23008
490,,,,,3.770483456,20403.57182
491,,,,,3.773057476,20444.91356
492,,,,,3.775620385,20486.2553
493,,,,,3.778171957,20527.59703
494,,,,,3.780711969,20568.93877
495,,,,,3.783240196,20610.28051
496,,,,,3.785756417,20651.62225
497,,,,,3.788260409,20692.96399
498,,,,,3.79075195,20734.30573
499,,,,,3.793230819,20775.64746
500,,,,,3.795696796,20816.9892
501,,,,,3.798149662,20858.33094
502,,,,,3.800589197,20899.67268
503,,,,,3.803015184,20941.01442
504,,,,,3.805427404,20982.35616
505,,,,,3.80782564,21023.69789
506,,,,,3.810209678,21065.03963
507,,,,,3.812579301,21106.38137
508,,,,,3.814934294,21147.72311
509,,,,,3.817274445,21189.06485
510,,,,,3.819599539,21230.40659
511,,,,,3.821909365,21271.74832
512,,,,,3.824203711,21313.09006
513,,,,,3.826482366,21354.4318
514,,,,,3.828745121,21395.77354
515,,,,,3.830991767,21437.11528
516,,,,,3.833222095,21478.45702
517,,,,,3.835435899,21519.79876
518,,,,,3.837632972,21561.14049
519,,,,,3.839813108,21602.48223
520,,,,,3.841976103,21643.82397
521,,,,,3.844121753,21685.16571
522,,,,,3.846249856,21726.50745
523,,,,,3.848360209,21767.84919
524,,,,,3.850452613,21809.19092
525,,,,,3.852526866,21850.53266
526,,,,,3.854582771,21891.8744
527,,,,,3.856620129,21933.21614
528,,,,,3.858638744,21974.55788
529,,,,,3.860638419,22015.89962
530,,,,,3.862618959,22057.24135
531,,,,,3.864580172,22098.58309
532,,,,,3.866521864,22139.92483
533,,,,,3.868443843,22181.26657
534,,,,,3.870345919,22222.60831
535,,,,,3.872227903,22263.95005
536,,,,,3.874089606,22305.29179
537,,,,,3.87593084,22346.63352
538,,,,,3.87775142,22387.97526
539,,,,,3.87955116,22429.317
540,,,,,3.881329877,22470.65874
541,,,,,3.883087388,22512.00048
542,,,,,3.884823511,22553.34222
543,,,,,3.886538066,22594.68395
544,,,,,3.888230874,22636.02569
545,,,,,3.889901757,22677.36743
546,,,,,3.891550539,22718.70917
547,,,,,3.893177043,22760.05091
548,,,,,3.894781096,22801.39265
549,,,,,3.896362525,22842.73438
550,,,,,3.897921158,22884.07612
551,,,,,3.899456824,22925.41786
552,,,,,3.900969355,22966.7596
553,,,,,3.902458583,23008.10134
554,,,,,3.903924342,23049.44308
555,,,,,3.905366466,23090.78481
556,,,,,3.906784791,23132.12655
557,,,,,3.908179156,23173.46829
558,,,,,3.909549399,23214.81003
559,,,,,3.91089536,23256.15177
560,,,,,3.912216882,23297.49351
561,,,,,3.913513808,23338.83525
562,,,,,3.914785982,23380.17698
563,,,,,3.91603325,23421.51872
564,,,,,3.91725546,23462.86046
565,,,,,3.918452461,23504.2022
566,,,,,3.919624104,23545.54394
567,,,,,3.920770239,23586.88568
568,,,,,3.921890722,23628.22741
569,,,,,3.922985406,23669.56915
570,,,,,3.924054148,23710.91089
571,,,,,3.925096806,23752.25263
572,,,,,3.92611324,23793.59437
573,,,,,3.927103311,23834.93611
574,,,,,3.928066882,23876.27784
575,,,,,3.929003816,23917.61958
576,,,,,3.929913981,23958.96132
577,,,,,3.930797242,24000.30306
578,,,,,3.93165347,24041.6448
579,,,,,3.932482535,24082.98654
580,,,,,3.93328431,24124.32827
581,,,,,3.934058669,24165.67001
582,,,,,3.934805487,24207.01175
583,,,,,3.935524642,24248.35349
584,,,,,3.936216013,24289.69523
585,,,,,3.936879481,24331.03697
586,,,,,3.937514928,24372.37871
587,,,,,3.938122239,24413.72044
588,,,,,3.9387013,24455.06218
589,,,,,3.939251999,24496.40392
590,,,,,3.939774225,24537.74566
591,,,,,3.940267869,24579.0874
592,,,,,3.940732825,24620.42914
593,,,,,3.941168989,24661.77087
594,,,,,3.941576255,24703.11261
595,,,,,3.941954524,24744.45435
596,,,,,3.942303696,24785.79609
597,,,,,3.942623673,24827.13783
598,,,,,3.942914359,24868.47957
599,,,,,3.943175661,24909.8213
600,,,,,3.943407486,24951.16304
601,,,,,3.943609744,24992.50478
602,,,,,3.943782348,25033.84652
603,,,,,3.943925211,25075.18826
604,,,,,3.944038248,25116.53
605,,,,,3.944121378,25157.87174
606,,,,,3.94417452,25199.21347
607,,,,,3.944197595,25240.55521
608,,,,,3.944190528,25281.89695
609,,,,,3.944153244,25323.23869
610,,,,,3.94408567,25364.58043
611,,,,,3.943987737,25405.92217
612,,,,,3.943859376,25447.2639
613,,,,,3.943700521,25488.60564
614,,,,,3.943511107,25529.94738
615,,,,,3.943291073,25571.28912
616,,,,,3.943040359,25612.63086
617,,,,,3.942758907,25653.9726
618,,,,,3.942446661,25695.31433
619,,,,,3.942103568,25736.65607
620,,,,,3.941729576,25777.99781
621,,,,,3.941324635,25819.33955
622,,,,,3.9408887,25860.68129
623,,,,,3.940421724,25902.02303
624,,,,,3.939923666,25943.36476
625,,,,,3.939394484,25984.7065
626,,,,,3.938834141,26026.04824
627,,,,,3.9382426,26067.38998
628,,,,,3.937619827,26108.73172
629,,,,,3.936965791,26150.07346
630,,,,,3.936280462,26191.4152
631,,,,,3.935563814,26232.75693
632,,,,,3.934815822,26274.09867
633,,,,,3.934036463,26315.44041
634,,,,,3.933225718,26356.78215
635,,,,,3.932383568,26398.12389
636,,,,,3.931509998,26439.46563
637,,,,,3.930604995,26480.80736
638,,,,,3.929668549,26522.1491
639,,,,,3.92870065,26563.49084
640,,,,,3.927701294,26604.83258
641,,,,,3.926670476,26646.17432
642,,,,,3.925608196,26687.51606
643,,,,,3.924514454,26728.85779
644,,,,,3.923389256,26770.19953
645,,,,,3.922232605,26811.54127
646,,,,,3.921044513,26852.88301
647,,,,,3.919824989,26894.22475
648,,,,,3.918574048,26935.56649
649,,,,,3.917291705,26976.90822
650,,,,,3.915977979,27018.24996
651,,,,,3.914632892,27059.5917
652,,,,,3.913256467,27100.93344
653,,,,,3.911848731,27142.27518
654,,,,,3.910409712,27183.61692
655,,,,,3.908939442,27224.95866
656,,,,,3.907437955,27266.30039
657,,,,,3.905905288,27307.64213
658,,,,,3.90434148,27348.98387
659,,,,,3.902746573,27390.32561
660,,,,,3.901120611,27431.66735
661,,,,,3.899463642,27473.00909
662,,,,,3.897775715,27514.35082
663,,,,,3.896056884,27555.69256
664,,,,,3.894307203,27597.0343
665,,,,,3.89252673,27638.37604
666,,,,,3.890715526,27679.71778
667,,,,,3.888873654,27721.05952
668,,,,,3.887001181,27762.40125
669,,,,,3.885098176,27803.74299
670,,,,,3.883164709,27845.08473
671,,,,,3.881200856,27886.42647
672,,,,,3.879206694,27927.76821
673,,,,,3.877182302,27969.10995
674,,,,,3.875127764,28010.45169
675,,,,,3.873043165,28051.79342
676,,,,,3.870928595,28093.13516
677,,,,,3.868784143,28134.4769
678,,,,,3.866609905,28175.81864
679,,,,,3.864405977,28217.16038
680,,,,,3.862172459,28258.50212
681,,,,,3.859909455,28299.84385
682,,,,,3.857617071,28341.18559
683,,,,,3.855295414,28382.52733
684,,,,,3.852944597,28423.86907
685,,,,,3.850564734,28465.21081
686,,,,,3.848155944,28506.55255
687,,,,,3.845718345,28547.89428
688,,,,,3.843252063,28589.23602
689,,,,,3.840757223,28630.57776
690,,,,,3.838233956,28671.9195
691,,,,,3.835682393,28713.26124
692,,,,,3.833102671,28754.60298
693,,,,,3.830494928,28795.94471
694,,,,,3.827859306,28837.28645
695,,,,,3.82519595,28878.62819
696,,,,,3.822505007,28919.96993
697,,,,,3.819786629,28961.31167
698,,,,,3.81704097,29002.65341
699,,,,,3.814268187,29043.99515
700,,,,,3.811468441,29085.33688
701,,,,,3.808641895,29126.67862
702,,,,,3.805788715,29168.02036
703,,,,,3.802909073,29209.3621
704,,,,,3.80000314,29250.70384
705,,,,,3.797071093,29292.04558
706,,,,,3.794113112,29333.38731
707,,,,,3.791129379,29374.72905
708,,,,,3.788120081,29416.07079
709,,,,,3.785085406,29457.41253
710,,,,,3.782025546,29498.75427
711,,,,,3.778940699,29540.09601
712,,,,,3.775831062,29581.43774
713,,,,,3.772696839,29622.77948
714,,,,,3.769538234,29664.12122
715,,,,,3.766355457,29705.46296
716,,,,,3.76314872,29746.8047
717,,,,,3.759918238,29788.14644
718,,,,,3.756664231,29829.48817
719,,,,,3.753386921,29870.82991
720,,,,,3.750086534,29912.17165
721,,,,,3.746763299,29953.51339
722,,,,,3.743417449,29994.85513
723,,,,,3.740049219,30036.19687
724,,,,,3.73665885,30077.53861
725,,,,,3.733246583,30118.88034
726,,,,,3.729812666,30160.22208
727,,,,,3.726357347,30201.56382
728,,,,,3.722880882,30242.90556
729,,,,,3.719383525,30284.2473
730,,,,,3.715865538,30325.58904
731,,,,,3.712327185,30366.93077
732,,,,,3.708768732,30408.27251
733,,,,,3.705190451,30449.61425
734,,,,,3.701592616,30490.95599
735,,,,,3.697975506,30532.29773
736,,,,,3.694339401,30573.63947
737,,,,,3.690684588,30614.9812
738,,,,,3.687011355,30656.32294
739,,,,,3.683319994,30697.66468
740,,,,,3.679610802,30739.00642
741,,,,,3.675884079,30780.34816
742,,,,,3.672140127,30821.6899
743,,,,,3.668379254,30863.03163
744,,,,,3.664601771,30904.37337
745,,,,,3.660807992,30945.71511
746,,,,,3.656998235,30987.05685
747,,,,,3.653172822,31028.39859
748,,,,,3.64933208,31069.74033
749,,,,,3.645476336,31111.08207
750,,,,,3.641605925,31152.4238
751,,,,,3.637721183,31193.76554
752,,,,,3.633822452,31235.10728
753,,,,,3.629910074,31276.44902
754,,,,,3.6259844,31317.79076
755,,,,,3.62204578,31359.1325
756,,,,,3.618094571,31400.47423
757,,,,,3.614131133,31441.81597
758,,,,,3.610155829,31483.15771
759,,,,,3.606169027,31524.49945
760,,,,,3.602171098,31565.84119
761,,,,,3.598162418,31607.18293
762,,,,,3.594143365,31648.52466
763,,,,,3.590114323,31689.8664
764,,,,,3.586075679,31731.20814
765,,,,,3.582027824,31772.54988
766,,,,,3.577971153,31813.89162
767,,,,,3.573906065,31855.23336
768,,,,,3.569832963,31896.5751
769,,,,,3.565752253,31937.91683
770,,,,,3.561664347,31979.25857
771,,,,,3.557569659,32020.60031
772,,,,,3.553468609,32061.94205
773,,,,,3.549361619,32103.28379
774,,,,,3.545249117,32144.62553
775,,,,,3.541131533,32185.96726
776,,,,,3.537009304,32227.309
777,,,,,3.532882867,32268.65074
778,,,,,3.528752668,32309.99248
779,,,,,3.524619152,32351.33422
780,,,,,3.520482772,32392.67596
781,,,,,3.516343984,32434.01769
782,,,,,3.512203248,32475.35943
783,,,,,3.508061027,32516.70117
784,,,,,3.503917791,32558.04291
785,,,,,3.499774011,32599.38465
786,,,,,3.495630164,32640.72639
787,,,,,3.491486732,32682.06812
788,,,,,3.487344199,32723.40986
789,,,,,3.483203055,32764.7516
790,,,,,3.479063793,32806.09334
791,,,,,3.474926911,32847.43508
792,,,,,3.470792913,32888.77682
793,,,,,3.466662303,32930.11856
794,,,,,3.462535593,32971.46029
795,,,,,3.458413298,33012.80203
796,,,,,3.454295938,33054.14377
797,,,,,3.450184036,33095.48551
798,,,,,3.44607812,33136.82725
799,,,,,3.441978723,33178.16899
800,,,,,3.437886382,33219.51072
801,,,,,3.433801638,33260.85246
802,,,,,3.429725037,33302.1942
803,,,,,3.425657129,33343.53594
804,,,,,3.421598468,33384.87768
805,,,,,3.417549613,33426.21942
806,,,,,3.413511128,33467.56115
807,,,,,3.409483581,33508.90289
808,,,,,3.405467544,33550.24463
809,,,,,3.401463594,33591.58637
810,,,,,3.397472312,33632.92811
811,,,,,3.393494285,33674.26985
812,,,,,3.389530102,33715.61158
813,,,,,3.385580358,33756.95332
814,,,,,3.381645654,33798.29506
815,,,,,3.377726592,33839.6368
816,,,,,3.373823783,33880.97854
817,,,,,3.369937838,33922.32028
818,,,,,3.366069376,33963.66202
819,,,,,3.362219019,34005.00375
820,,,,,3.358387395,34046.34549
821,,,,,3.354575135,34087.68723
822,,,,,3.350782875,34129.02897
823,,,,,3.347011256,34170.37071
824,,,,,3.343260925,34211.71245
825,,,,,3.339532531,34253.05418
826,,,,,3.33582673,34294.39592
827,,,,,3.332144182,34335.73766
828,,,,,3.32848555,34377.0794
829,,,,,3.324851505,34418.42114
830,,,,,3.32124272,34459.76288
831,,,,,3.317659874,34501.10461
832,,,,,3.314103651,34542.44635
833,,,,,3.310574739,34583.78809
834,,,,,3.307073831,34625.12983
835,,,,,3.303601626,34666.47157
836,,,,,3.300158825,34707.81331
837,,,,,3.296746137,34749.15505
838,,,,,3.293364275,34790.49678
839,,,,,3.290013954,34831.83852
840,,,,,3.286695899,34873.18026
841,,,,,3.283410835,34914.522
842,,,,,3.280159495,34955.86374
843,,,,,3.276942616,34997.20548
844,,,,,3.273760939,35038.54721
845,,,,,3.270615212,35079.88895
846,,,,,3.267506186,35121.23069
847,,,,,3.264434618,35162.57243
848,,,,,3.26140127,35203.91417
849,,,,,3.258406907,35245.25591
850,,,,,3.255452303,35286.59764
851,,,,,3.252538233,35327.93938
852,,,,,3.249665479,35369.28112
853,,,,,3.246834829,35410.62286
854,,,,,3.244047073,35451.9646
855,,,,,3.241303009,35493.30634
856,,,,,3.238603438,35534.64807
857,,,,,3.235949168,35575.98981
858,,,,,3.23334101,35617.33155
859,,,,,3.230779782,35658.67329
860,,,,,3.228266307,35700.01503
861,,,,,3.225801411,35741.35677
862,,,,,3.223385928,35782.69851
863,,,,,3.221020695,35824.04024
864,,,,,3.218706554,35865.38198
865,,,,,3.216444355,35906.72372
866,,,,,3.214234951,35948.06546
867,,,,,3.212079199,35989.4072
868,,,,,3.209977965,36030.74894
869,,,,,3.207932116,36072.09067
870,,,,,3.205942528,36113.43241
871,,,,,3.204010079,36154.77415
872,,,,,3.202135655,36196.11589
873,,,,,3.200320145,36237.45763
874,,,,,3.198564446,36278.79937
875,,,,,3.196869456,36320.1411
876,,,,,3.195236084,36361.48284
877,,,,,3.193665239,36402.82458
878,,,,,3.192157839,36444.16632
879,,,,,3.190714806,36485.50806
880,,,,,3.189337067,36526.8498
881,,,,,3.188025555,36568.19153
882,,,,,3.186781208,36609.53327
883,,,,,3.185604969,36650.87501
884,,,,,3.184497788,36692.21675
885,,,,,3.18346062,36733.55849
886,,,,,3.182494424,36774.90023
887,,,,,3.181600165,36816.24197
888,,,,,3.180778814,36857.5837
889,,,,,3.180031349,36898.92544
890,,,,,3.179358749,36940.26718
891,,,,,3.178762004,36981.60892
892,,,,,3.178242105,37022.95066
893,,,,,3.177800051,37064.2924
894,,,,,3.177436846,37105.63413
895,,,,,3.177153499,37146.97587
896,,,,,3.176951026,37188.31761
897,,,,,3.176830447,37229.65935
898,,,,,3.176792789,37271.00109
899,,,,,3.176839083,37312.34283
900,,,,,3.176970366,37353.68456
901,,,,,3.177187682,37395.0263
902,,,,,3.17749208,37436.36804
903,,,,,3.177884613,37477.70978
904,,,,,3.178366342,37519.05152
905,,,,,3.178938333,37560.39326
906,,,,,3.179601658,37601.73499
907,,,,,3.180357392,37643.07673
908,,,,,3.18120662,37684.41847
909,,,,,3.182150429,37725.76021
910,,,,,3.183189914,37767.10195
911,,,,,3.184326176,37808.44369
912,,,,,3.18556032,37849.78543
913,,,,,3.186893457,37891.12716
914,,,,,3.188326705,37932.4689
915,,,,,3.189861188,37973.81064
916,,,,,3.191498034,38015.15238
917,,,,,3.193238379,38056.49412
918,,,,,3.195083362,38097.83586
919,,,,,3.197034132,38139.17759
920,,,,,3.199091839,38180.51933
921,,,,,3.201257643,38221.86107
922,,,,,3.203532708,38263.20281
923,,,,,3.205918203,38304.54455
924,,,,,3.208415305,38345.88629
925,,,,,3.211025197,38387.22802
926,,,,,3.213749065,38428.56976
927,,,,,3.216588104,38469.9115
928,,,,,3.219543513,38511.25324
929,,,,,3.222616499,38552.59498
930,,,,,3.225808273,38593.93672
931,,,,,3.229120053,38635.27846
932,,,,,3.232553063,38676.62019
933,,,,,3.236108532,38717.96193
934,,,,,3.239787698,38759.30367
935,,,,,3.243591801,38800.64541
936,,,,,3.24752209,38841.98715
937,,,,,3.251579819,38883.32889
938,,,,,3.255766247,38924.67062
939,,,,,3.260082642,38966.01236
940,,,,,3.264530276,39007.3541
941,,,,,3.269110427,39048.69584
942,,,,,3.273824381,39090.03758
943,,,,,3.278673427,39131.37932
944,,,,,3.283658863,39172.72105
945,,,,,3.288781992,39214.06279
946,,,,,3.294044124,39255.40453
947,,,,,3.299446574,39296.74627
948,,,,,3.304990664,39338.08801
949,,,,,3.310677721,39379.42975
950,,,,,3.316509081,39420.77148
951,,,,,3.322486084,39462.11322
952,,,,,3.328610076,39503.45496
953,,,,,3.334882411,39544.7967
954,,,,,3.341304447,39586.13844
955,,,,,3.347877552,39627.48018
956,,,,,3.354603096,39668.82192
957,,,,,3.361482457,39710.16365
958,,,,,3.368517022,39751.50539
959,,,,,3.37570818,39792.84713
960,,,,,3.383057329,39834.18887
961,,,,,3.390565872,39875.53061
962,,,,,3.39823522,39916.87235
963,,,,,3.40606679,39958.21408
964,,,,,3.414062004,39999.55582
965,,,,,3.422222291,40040.89756
966,,,,,3.430549088,40082.2393
967,,,,,3.439043837,40123.58104
968,,,,,3.447707986,40164.92278
969,,,,,3.45654299,40206.26451
970,,,,,3.465550312,40247.60625
971,,,,,3.474731419,40288.94799
972,,,,,3.484087787,40330.28973
973,,,,,3.493620896,40371.63147
974,,,,,3.503332234,40412.97321
975,,,,,3.513223295,40454.31494
976,,,,,3.523295581,40495.65668
977,,,,,3.533550599,40536.99842
978,,,,,3.543989863,40578.34016
979,,,,,3.554614893,40619.6819
980,,,,,3.565427216,40661.02364
981,,,,,3.576428368,40702.36538
982,,,,,3.587619888,40743.70711
983,,,,,3.599003322,40785.04885
984,,,,,3.610580227,40826.39059
985,,,,,3.62235216,40867.73233
986,,,,,3.634320691,40909.07407
987,,,,,3.646487392,40950.41581
988,,,,,3.658853845,40991.75754
989,,,,,3.671421636,41033.09928
990,,,,,3.68419236,41074.44102
991,,,,,3.697167618,41115.78276
992,,,,,3.710349017,41157.1245
993,,,,,3.723738171,41198.46624
994,,,,,3.737336701,41239.80797
995,,,,,3.751146237,41281.14971
996,,,,,3.765168411,41322.49145
997,,,,,3.779404866,41363.83319
998,,,,,3.793857251,41405.17493
999,,,,,3.80852722,41446.51667
