,Unnamed: 0,LOCATION,TIME,Turkey_inflation_rate,time_close,BTC_closing_price,yfit,xfit
0,0.0,TUR,2015-05-01,8.092989,2015-04-30 00:00:00+00:00,146.12,,
1,1.0,TUR,2015-06-01,7.2045270000000015,2015-05-31 00:00:00+00:00,153.06,,
2,2.0,TUR,2015-07-01,6.8141630000000015,2015-06-30 00:00:00+00:00,154.97,,
3,3.0,TUR,2015-08-01,7.140510000000001,2015-07-31 00:00:00+00:00,181.00333333333333,,
4,4.0,TUR,2015-09-01,7.946992999999999,2015-08-31 00:00:00+00:00,162.85666666666663,,
5,5.0,TUR,2015-10-01,7.5814309999999985,2015-09-30 00:00:00+00:00,154.57666666666668,,
6,6.0,TUR,2015-11-01,8.102242,2015-10-31 00:00:00+00:00,172.75,,
7,7.0,TUR,2015-12-01,8.808332,2015-11-30 00:00:00+00:00,230.23666666666668,,
8,8.0,TUR,2016-01-01,9.578758,2015-12-31 00:00:00+00:00,290.2266666666667,,
9,9.0,TUR,2016-02-01,8.777355,2016-01-31 00:00:00+00:00,292.62333333333333,,
10,10.0,TUR,2016-03-01,7.459938,2016-02-29 00:00:00+00:00,274.18333333333334,,
11,11.0,TUR,2016-04-01,6.565403,2016-03-31 00:00:00+00:00,289.38000000000005,,
12,12.0,TUR,2016-05-01,6.582327,2016-04-30 00:00:00+00:00,309.3433333333333,,
13,13.0,TUR,2016-06-01,7.6374710000000015,2016-05-31 00:00:00+00:00,314.16333333333336,,
14,14.0,TUR,2016-07-01,8.793408,2016-06-30 00:00:00+00:00,419.3966666666667,,
15,15.0,TUR,2016-08-01,8.045095,2016-07-31 00:00:00+00:00,515.3733333333333,,
16,16.0,TUR,2016-09-01,7.282125,2016-08-31 00:00:00+00:00,449.8475,,
17,17.0,TUR,2016-10-01,7.159431,2016-09-30 00:00:00+00:00,472.71333333333337,,
18,18.0,TUR,2016-11-01,7.000521000000001,2016-10-31 00:00:00+00:00,532.6866666666666,,
19,19.0,TUR,2016-12-01,8.533056,2016-11-30 00:00:00+00:00,598.0533333333334,,
20,20.0,TUR,2017-01-01,9.218773,2016-12-31 00:00:00+00:00,686.7433333333332,,
21,21.0,TUR,2017-02-01,10.12829,2017-01-31 00:00:00+00:00,738.9866666666667,,
22,22.0,TUR,2017-03-01,11.29179,2017-02-28 00:00:00+00:00,887.9966666666666,,
23,23.0,TUR,2017-04-01,11.86962,2017-03-31 00:00:00+00:00,883.1233333333333,,
24,24.0,TUR,2017-05-01,11.72218,2017-04-30 00:00:00+00:00,983.2333333333332,,
25,25.0,TUR,2017-06-01,10.90108,2017-05-31 00:00:00+00:00,1514.8366666666668,,
26,26.0,TUR,2017-07-01,9.788379,2017-06-30 00:00:00+00:00,2067.9933333333333,,
27,27.0,TUR,2017-08-01,10.6793,2017-07-31 00:00:00+00:00,1900.4016666666666,,
28,28.0,TUR,2017-09-01,11.1985,2017-08-31 00:00:00+00:00,3106.5056666666665,,
29,29.0,TUR,2017-10-01,11.89886,2017-09-30 00:00:00+00:00,3057.8033333333333,,
30,30.0,TUR,2017-11-01,12.98426,2017-10-31 00:00:00+00:00,4017.106666666666,,
31,31.0,TUR,2017-12-01,11.91974,2017-11-30 00:00:00+00:00,5717.056666666666,,
32,32.0,TUR,2018-01-01,10.34563,2017-12-31 00:00:00+00:00,10770.063333333334,,
33,33.0,TUR,2018-02-01,10.25913,2018-01-31 00:00:00+00:00,9876.883333333333,,
34,34.0,TUR,2018-03-01,10.23457,2018-02-28 00:00:00+00:00,6633.079999999999,,
35,35.0,TUR,2018-04-01,10.84953,2018-03-31 00:00:00+00:00,6785.493333333333,,
36,36.0,TUR,2018-05-01,12.14707,2018-04-30 00:00:00+00:00,5766.466666666667,,
37,37.0,TUR,2018-06-01,15.38511,2018-05-31 00:00:00+00:00,6420.746666666668,,
38,38.0,TUR,2018-07-01,15.84902,2018-06-30 00:00:00+00:00,5078.5999999999985,,
39,39.0,TUR,2018-08-01,17.89643,2018-07-31 00:00:00+00:00,5157.97,,
40,40.0,TUR,2018-09-01,24.51892,2018-08-31 00:00:00+00:00,5311.565000000001,,
41,41.0,TUR,2018-10-01,25.24032,2018-09-30 00:00:00+00:00,4960.323333333334,,
42,42.0,TUR,2018-11-01,21.6188,2018-10-31 00:00:00+00:00,4997.333333333333,,
43,43.0,TUR,2018-12-01,20.30176,2018-11-30 00:00:00+00:00,3994.5,,
44,44.0,TUR,2019-01-01,20.35374,2018-12-31 00:00:00+00:00,2912.856666666666,,
45,45.0,TUR,2019-02-01,19.67164,2019-01-31 00:00:00+00:00,2866.2566666666667,,
46,46.0,TUR,2019-03-01,19.71291,2019-02-28 00:00:00+00:00,2763.476666666667,,
47,47.0,TUR,2019-04-01,19.5023,2019-03-31 00:00:00+00:00,3065.1566666666668,,
48,48.0,TUR,2019-05-01,18.7116,2019-04-30 00:00:00+00:00,4040.2,,
49,49.0,TUR,2019-06-01,15.72012,2019-05-31 00:00:00+00:00,5750.463333333332,,
50,50.0,TUR,2019-07-01,16.646729999999998,2019-06-30 00:00:00+00:00,7522.53,,
51,51.0,TUR,2019-08-01,15.00843,2019-07-31 00:00:00+00:00,8224.346666666666,,
52,52.0,TUR,2019-09-01,9.262102,2019-08-31 00:00:00+00:00,8805.886666666667,,
53,53.0,TUR,2019-10-01,8.552845,2019-09-30 00:00:00+00:00,7895.406666666666,,
54,54.0,TUR,2019-11-01,10.56185,2019-10-31 00:00:00+00:00,6597.956666666666,,
55,55.0,TUR,2019-12-01,11.83609,2019-11-30 00:00:00+00:00,6469.213333333332,,
56,56.0,TUR,2020-01-01,12.15364,2019-12-31 00:00:00+00:00,5474.086666666666,,
57,57.0,TUR,2020-02-01,12.36738,2020-01-31 00:00:00+00:00,6082.556666666666,,
58,58.0,TUR,2020-03-01,11.85919,2020-02-29 00:00:00+00:00,7530.593333333332,,
59,59.0,TUR,2020-04-01,10.9367,2020-03-31 00:00:00+00:00,5720.506666666667,,
60,60.0,TUR,2020-05-01,11.39002,2020-04-30 00:00:00+00:00,5614.0633333333335,,
61,61.0,TUR,2020-06-01,12.62239,2020-05-31 00:00:00+00:00,7320.54,,
62,62.0,TUR,2020-07-01,11.76414,2020-06-30 00:00:00+00:00,7693.09,,
63,63.0,TUR,2020-08-01,11.77041,2020-07-31 00:00:00+00:00,7717.5375,,
64,64.0,TUR,2020-09-01,11.74831,2020-08-31 00:00:00+00:00,8968.646666666667,,
65,65.0,TUR,2020-10-01,11.88962,2020-09-30 00:00:00+00:00,8304.48,,
66,66.0,TUR,2020-11-01,14.0263,2020-10-31 00:00:00+00:00,9331.256666666666,,
67,67.0,TUR,2020-12-01,14.59932,2020-11-30 00:00:00+00:00,12850.81,,
68,68.0,TUR,2021-01-01,14.973679999999998,2020-12-31 00:00:00+00:00,16988.72333333333,,
69,69.0,TUR,2021-02-01,15.61091,2021-01-31 00:00:00+00:00,25970.106666666667,,
70,70.0,TUR,2021-03-01,16.19024,2021-02-28 00:00:00+00:00,32549.94333333333,,
71,71.0,TUR,2021-04-01,17.14015,2021-03-31 00:00:00+00:00,39925.35666666667,,
72,72.0,TUR,2021-05-01,16.59285,2021-04-30 00:00:00+00:00,41446.51666666666,,
73,73.0,TUR,2021-06-01,17.52533,2021-05-31 00:00:00+00:00,33007.263333333336,,
74,74.0,TUR,2021-07-01,18.95168,2021-06-30 00:00:00+00:00,25347.84333333333,,
75,75.0,TUR,2021-08-01,19.25266,2021-07-31 00:00:00+00:00,24324.596666666668,,
76,76.0,TUR,2021-09-01,19.58257,2021-08-31 00:00:00+00:00,32926.090000000004,,
77,77.0,TUR,2021-10-01,19.89002,2021-09-30 00:00:00+00:00,33857.72,,
78,78.0,TUR,2021-11-01,21.31253,2021-10-31 00:00:00+00:00,40583.98666666666,,
0,,,,,,,12.12200542228209,146.12
1,,,,,,,12.12200542228209,187.46173840507174
2,,,,,,,12.12200542228209,228.80347681014348
3,,,,,,,12.122005422282093,270.1452152152152
4,,,,,,,12.1220054222821,311.48695362028695
5,,,,,,,12.122005422282118,352.8286920253587
6,,,,,,,12.122005422282157,394.1704304304304
7,,,,,,,12.12200542228224,435.5121688355021
8,,,,,,,12.122005422282399,476.85390724057385
9,,,,,,,12.122005422282692,518.1956456456455
10,,,,,,,12.122005422283198,559.5373840507173
11,,,,,,,12.122005422284047,600.879122455789
12,,,,,,,12.122005422285417,642.2208608608607
13,,,,,,,12.12200542228756,683.5625992659325
14,,,,,,,12.12200542229082,724.9043376710042
15,,,,,,,12.12200542229567,766.246076076076
16,,,,,,,12.122005422302724,807.5878144811477
17,,,,,,,12.12200542231279,848.9295528862194
18,,,,,,,12.122005422326907,890.2712912912912
19,,,,,,,12.122005422346398,931.6130296963629
20,,,,,,,12.122005422372919,972.9547681014346
21,,,,,,,12.122005422408536,1014.2965065065064
22,,,,,,,12.122005422455794,1055.638244911578
23,,,,,,,12.122005422517802,1096.9799833166499
24,,,,,,,12.122005422598326,1138.3217217217216
25,,,,,,,12.122005422701903,1179.6634601267933
26,,,,,,,12.122005422833952,1221.005198531865
27,,,,,,,12.122005423000907,1262.3469369369368
28,,,,,,,12.122005423210366,1303.6886753420085
29,,,,,,,12.122005423471247,1345.0304137470803
30,,,,,,,12.122005423793965,1386.372152152152
31,,,,,,,12.122005424190629,1427.7138905572237
32,,,,,,,12.122005424675246,1469.0556289622955
33,,,,,,,12.12200542526395,1510.3973673673672
34,,,,,,,12.122005425975253,1551.739105772439
35,,,,,,,12.122005426830315,1593.0808441775107
36,,,,,,,12.122005427853226,1634.4225825825824
37,,,,,,,12.122005429071327,1675.7643209876542
38,,,,,,,12.122005430515546,1717.106059392726
39,,,,,,,12.122005432220748,1758.4477977977976
40,,,,,,,12.122005434226136,1799.7895362028694
41,,,,,,,12.122005436575654,1841.1312746079411
42,,,,,,,12.122005439318434,1882.4730130130129
43,,,,,,,12.122005442509264,1923.8147514180846
44,,,,,,,12.12200544620909,1965.1564898231563
45,,,,,,,12.122005450485547,2006.498228228228
46,,,,,,,12.122005455413522,2047.8399666332998
47,,,,,,,12.122005461075755,2089.1817050383715
48,,,,,,,12.122005467563474,2130.523443443443
49,,,,,,,12.122005474977058,2171.8651818485146
50,,,,,,,12.122005483426745,2213.2069202535863
51,,,,,,,12.122005493033381,2254.548658658658
52,,,,,,,12.122005503929202,2295.89039706373
53,,,,,,,12.122005516258659,2337.2321354688015
54,,,,,,,12.122005530179278,2378.5738738738733
55,,,,,,,12.122005545862589,2419.915612278945
56,,,,,,,12.122005563495064,2461.2573506840167
57,,,,,,,12.122005583279122,2502.5990890890885
58,,,,,,,12.122005605434184,2543.94082749416
59,,,,,,,12.122005630197762,2585.282565899232
60,,,,,,,12.122005657826607,2626.6243043043037
61,,,,,,,12.122005688597907,2667.9660427093754
62,,,,,,,12.122005722810533,2709.307781114447
63,,,,,,,12.122005760786346,2750.649519519519
64,,,,,,,12.122005802871543,2791.9912579245906
65,,,,,,,12.122005849438088,2833.3329963296624
66,,,,,,,12.122005900885158,2874.674734734734
67,,,,,,,12.122005957640692,2916.016473139806
68,,,,,,,12.122006020162964,2957.3582115448776
69,,,,,,,12.122006088942241,2998.6999499499493
70,,,,,,,12.122006164502487,3040.041688355021
71,,,,,,,12.122006247403139,3081.383426760093
72,,,,,,,12.122006338240947,3122.7251651651645
73,,,,,,,12.122006437651878,3164.0669035702363
74,,,,,,,12.122006546313084,3205.408641975308
75,,,,,,,12.122006664944946,3246.7503803803797
76,,,,,,,12.122006794313185,3288.0921187854515
77,,,,,,,12.122006935231036,3329.433857190523
78,,,,,,,12.122007088561507,3370.775595595595
79,,,,,,,12.122007255219701,3412.1173340006667
80,,,,,,,12.12200743617522,3453.4590724057384
81,,,,,,,12.122007632454636,3494.80081081081
82,,,,,,,12.12200784514405,3536.142549215882
83,,,,,,,12.122008075391717,3577.4842876209536
84,,,,,,,12.12200832441076,3618.8260260260254
85,,,,,,,12.122008593481965,3660.167764431097
86,,,,,,,12.122008883956648,3701.509502836169
87,,,,,,,12.122009197259608,3742.8512412412406
88,,,,,,,12.122009534892179,3784.1929796463123
89,,,,,,,12.122009898435339,3825.534718051384
90,,,,,,,12.122010289552932,3866.876456456456
91,,,,,,,12.122010709994965,3908.2181948615275
92,,,,,,,12.122011161600993,3949.5599332665993
93,,,,,,,12.12201164630359,3990.901671671671
94,,,,,,,12.12201216613193,4032.2434100767427
95,,,,,,,12.122012723215432,4073.5851484818145
96,,,,,,,12.12201331978752,4114.926886886886
97,,,,,,,12.122013958189468,4156.2686252919575
98,,,,,,,12.122014640874335,4197.610363697029
99,,,,,,,12.12201537041101,4238.952102102101
100,,,,,,,12.122016149488337,4280.293840507173
101,,,,,,,12.122016980919351,4321.6355789122445
102,,,,,,,12.122017867645612,4362.977317317316
103,,,,,,,12.122018812741626,4404.319055722388
104,,,,,,,12.12201981941938,4445.66079412746
105,,,,,,,12.122020891032982,4487.002532532531
106,,,,,,,12.122022031083379,4528.344270937603
107,,,,,,,12.12202324322322,4569.686009342675
108,,,,,,,12.122024531261772,4611.027747747747
109,,,,,,,12.122025899169994,4652.369486152818
110,,,,,,,12.122027351085674,4693.71122455789
111,,,,,,,12.122028891318699,4735.052962962962
112,,,,,,,12.12203052435642,4776.394701368034
113,,,,,,,12.122032254869138,4817.736439773105
114,,,,,,,12.12203408771568,4859.078178178177
115,,,,,,,12.122036027949102,4900.419916583249
116,,,,,,,12.122038080822504,4941.7616549883205
117,,,,,,,12.122040251794937,4983.103393393392
118,,,,,,,12.122042546537443,5024.445131798464
119,,,,,,,12.122044970939202,5065.786870203536
120,,,,,,,12.122047531113777,5107.1286086086075
121,,,,,,,12.122050233405506,5148.470347013679
122,,,,,,,12.122053084395974,5189.812085418751
123,,,,,,,12.122056090910622,5231.153823823823
124,,,,,,,12.122059260025463,5272.495562228894
125,,,,,,,12.122062599073923,5313.837300633966
126,,,,,,,12.122066115653782,5355.179039039038
127,,,,,,,12.122069817634257,5396.52077744411
128,,,,,,,12.122073713163177,5437.862515849181
129,,,,,,,12.122077810674298,5479.204254254253
130,,,,,,,12.122082118894722,5520.545992659325
131,,,,,,,12.122086646852443,5561.887731064397
132,,,,,,,12.122091403884008,5603.229469469468
133,,,,,,,12.12209639964231,5644.57120787454
134,,,,,,,12.122101644104474,5685.912946279612
135,,,,,,,12.122107147579898,5727.2546846846835
136,,,,,,,12.122112920718392,5768.596423089755
137,,,,,,,12.122118974518441,5809.938161494827
138,,,,,,,12.122125320335599,5851.279899899899
139,,,,,,,12.122131969890988,5892.6216383049705
140,,,,,,,12.122138935279944,5933.963376710042
141,,,,,,,12.122146228980755,5975.305115115114
142,,,,,,,12.122153863863545,6016.646853520186
143,,,,,,,12.122161853199268,6057.988591925257
144,,,,,,,12.122170210668822,6099.330330330329
145,,,,,,,12.122178950372302,6140.672068735401
146,,,,,,,12.122188086838351,6182.013807140473
147,,,,,,,12.122197635033654,6223.355545545544
148,,,,,,,12.122207610372543,6264.697283950616
149,,,,,,,12.122218028726724,6306.039022355688
150,,,,,,,12.122228906435137,6347.38076076076
151,,,,,,,12.122240260313916,6388.722499165831
152,,,,,,,12.122252107666505,6430.064237570903
153,,,,,,,12.122264466293853,6471.405975975975
154,,,,,,,12.122277354504769,6512.7477143810465
155,,,,,,,12.122290791126375,6554.089452786118
156,,,,,,,12.122304795514683,6595.43119119119
157,,,,,,,12.122319387565307,6636.772929596262
158,,,,,,,12.122334587724273,6678.1146680013335
159,,,,,,,12.122350416998968,6719.456406406405
160,,,,,,,12.122366896969192,6760.798144811477
161,,,,,,,12.12238404979835,6802.139883216549
162,,,,,,,12.122401898244743,6843.48162162162
163,,,,,,,12.12242046567298,6884.823360026692
164,,,,,,,12.122439776065525,6926.165098431764
165,,,,,,,12.122459854034338,6967.506836836836
166,,,,,,,12.122480724832645,7008.848575241907
167,,,,,,,12.12250241436683,7050.190313646979
168,,,,,,,12.122524949208422,7091.532052052051
169,,,,,,,12.122548356606217,7132.873790457123
170,,,,,,,12.122572664498506,7174.215528862194
171,,,,,,,12.122597901525415,7215.557267267266
172,,,,,,,12.122624097041358,7256.899005672338
173,,,,,,,12.122651281127606,7298.2407440774095
174,,,,,,,12.12267948460496,7339.582482482481
175,,,,,,,12.122708739046542,7380.924220887553
176,,,,,,,12.122739076790689,7422.265959292625
177,,,,,,,12.122770530953956,7463.6076976976965
178,,,,,,,12.122803135444236,7504.949436102768
179,,,,,,,12.122836924973969,7546.29117450784
180,,,,,,,12.12287193507347,7587.632912912912
181,,,,,,,12.122908202104357,7628.974651317983
182,,,,,,,12.12294576327309,7670.316389723055
183,,,,,,,12.122984656644592,7711.658128128127
184,,,,,,,12.123024921155993,7752.999866533199
185,,,,,,,12.123066596630467,7794.34160493827
186,,,,,,,12.123109723791162,7835.683343343342
187,,,,,,,12.12315434427523,7877.025081748414
188,,,,,,,12.123200500647961,7918.366820153486
189,,,,,,,12.123248236417007,7959.708558558557
190,,,,,,,12.12329759604669,8001.050296963629
191,,,,,,,12.12334862497242,8042.392035368701
192,,,,,,,12.123401369615197,8083.733773773772
193,,,,,,,12.123455877396191,8125.075512178843
194,,,,,,,12.12351219675143,8166.417250583915
195,,,,,,,12.12357037714656,8207.758988988988
196,,,,,,,12.123630469091701,8249.10072739406
197,,,,,,,12.123692524156374,8290.442465799131
198,,,,,,,12.123756594984517,8331.784204204203
199,,,,,,,12.123822735309593,8373.125942609275
200,,,,,,,12.12389099996975,8414.467681014346
201,,,,,,,12.123961444923083,8455.809419419418
202,,,,,,,12.124034127262957,8497.15115782449
203,,,,,,,12.124109105233417,8538.492896229562
204,,,,,,,12.124186438244648,8579.834634634633
205,,,,,,,12.124266186888534,8621.176373039705
206,,,,,,,12.124348412954257,8662.518111444777
207,,,,,,,12.124433179443983,8703.859849849849
208,,,,,,,12.12452055058861,8745.20158825492
209,,,,,,,12.124610591863558,8786.543326659992
210,,,,,,,12.124703370004653,8827.885065065064
211,,,,,,,12.12479895302404,8869.226803470136
212,,,,,,,12.124897410226172,8910.568541875207
213,,,,,,,12.124998812223845,8951.910280280279
214,,,,,,,12.125103230954286,8993.25201868535
215,,,,,,,12.125210739695293,9034.593757090423
216,,,,,,,12.125321413081423,9075.935495495494
217,,,,,,,12.125435327120226,9117.277233900566
218,,,,,,,12.125552559208522,9158.618972305638
219,,,,,,,12.12567318814873,9199.96071071071
220,,,,,,,12.125797294165206,9241.302449115781
221,,,,,,,12.125924958920661,9282.644187520853
222,,,,,,,12.126056265532583,9323.985925925925
223,,,,,,,12.126191298589692,9365.327664330996
224,,,,,,,12.126330144168449,9406.669402736068
225,,,,,,,12.126472889849564,9448.01114114114
226,,,,,,,12.126619624734552,9489.352879546212
227,,,,,,,12.126770439462286,9530.694617951283
228,,,,,,,12.126925426225606,9572.036356356355
229,,,,,,,12.127084678787906,9613.378094761427
230,,,,,,,12.12724829249977,9654.719833166499
231,,,,,,,12.127416364315593,9696.06157157157
232,,,,,,,12.127588992810232,9737.403309976642
233,,,,,,,12.127766278195653,9778.745048381714
234,,,,,,,12.127948322337584,9820.086786786786
235,,,,,,,12.128135228772177,9861.428525191857
236,,,,,,,12.12832710272265,9902.770263596929
237,,,,,,,12.128524051115958,9944.112002002
238,,,,,,,12.128726182599413,9985.453740407072
239,,,,,,,12.128933607557338,10026.795478812144
240,,,,,,,12.129146438127679,10068.137217217216
241,,,,,,,12.12936478821861,10109.478955622288
242,,,,,,,12.12958877352513,10150.82069402736
243,,,,,,,12.129818511545624,10192.162432432431
244,,,,,,,12.130054121598404,10233.504170837503
245,,,,,,,12.130295724838225,10274.845909242575
246,,,,,,,12.130543444272776,10316.187647647646
247,,,,,,,12.130797404779123,10357.529386052718
248,,,,,,,12.131057733120128,10398.87112445779
249,,,,,,,12.131324557960824,10440.212862862862
250,,,,,,,12.13159800988475,10481.554601267933
251,,,,,,,12.13187822141023,10522.896339673005
252,,,,,,,12.13216532700662,10564.238078078077
253,,,,,,,12.132459463110482,10605.579816483149
254,,,,,,,12.132760768141726,10646.92155488822
255,,,,,,,12.133069382519668,10688.263293293292
256,,,,,,,12.133385448679046,10729.605031698364
257,,,,,,,12.13370911108596,10770.946770103435
258,,,,,,,12.134040516253739,10812.288508508507
259,,,,,,,12.134379812758755,10853.630246913579
260,,,,,,,12.134727151256136,10894.97198531865
261,,,,,,,12.135082684495417,10936.313723723722
262,,,,,,,12.135446567336103,10977.655462128794
263,,,,,,,12.135818956763147,11018.997200533866
264,,,,,,,12.136200011902334,11060.338938938938
265,,,,,,,12.136589894035575,11101.68067734401
266,,,,,,,12.136988766616108,11143.022415749081
267,,,,,,,12.137396795283594,11184.364154154153
268,,,,,,,12.137814147879107,11225.705892559225
269,,,,,,,12.13824099446002,11267.047630964296
270,,,,,,,12.13867750731478,11308.389369369368
271,,,,,,,12.13912386097757,11349.73110777444
272,,,,,,,12.13958023224284,11391.072846179512
273,,,,,,,12.140046800179737,11432.414584584583
274,,,,,,,12.14052374614639,11473.756322989655
275,,,,,,,12.141011253804074,11515.098061394727
276,,,,,,,12.141509509131234,11556.439799799798
277,,,,,,,12.142018700437387,11597.78153820487
278,,,,,,,12.14253901837686,11639.123276609942
279,,,,,,,12.1430706559624,11680.465015015014
280,,,,,,,12.143613808578635,11721.806753420085
281,,,,,,,12.144168673995368,11763.148491825157
282,,,,,,,12.14473545238073,11804.490230230229
283,,,,,,,12.14531434631416,11845.8319686353
284,,,,,,,12.145905560799234,11887.173707040372
285,,,,,,,12.146509303276309,11928.515445445444
286,,,,,,,12.147125783635014,11969.857183850516
287,,,,,,,12.147755214226542,12011.198922255588
288,,,,,,,12.148397809875783,12052.54066066066
289,,,,,,,12.149053787893257,12093.882399065731
290,,,,,,,12.149723368086867,12135.224137470803
291,,,,,,,12.15040677277346,12176.565875875875
292,,,,,,,12.151104226790176,12217.907614280946
293,,,,,,,12.151815957505628,12259.249352686018
294,,,,,,,12.15254219483084,12300.59109109109
295,,,,,,,12.153283171230004,12341.932829496162
296,,,,,,,12.15403912173101,12383.274567901233
297,,,,,,,12.154810283935763,12424.616306306305
298,,,,,,,12.155596898030279,12465.958044711377
299,,,,,,,12.156399206794553,12507.299783116448
300,,,,,,,12.157217455612203,12548.64152152152
301,,,,,,,12.158051892479875,12589.983259926592
302,,,,,,,12.158902768016405,12631.324998331664
303,,,,,,,12.159770335471755,12672.666736736735
304,,,,,,,12.160654850735684,12714.008475141807
305,,,,,,,12.161556572346182,12755.350213546879
306,,,,,,,12.16247576149764,12796.69195195195
307,,,,,,,12.16341268204877,12838.033690357022
308,,,,,,,12.164367600530248,12879.375428762094
309,,,,,,,12.165340786152102,12920.717167167166
310,,,,,,,12.166332510810827,12962.058905572238
311,,,,,,,12.167343049096207,13003.40064397731
312,,,,,,,12.168372678297885,13044.742382382381
313,,,,,,,12.169421678411622,13086.084120787453
314,,,,,,,12.170490332145278,13127.425859192525
315,,,,,,,12.1715789249245,13168.767597597596
316,,,,,,,12.172687744898113,13210.109336002668
317,,,,,,,12.173817082943202,13251.45107440774
318,,,,,,,12.174967232669895,13292.792812812811
319,,,,,,,12.176138490425823,13334.134551217883
320,,,,,,,12.177331155300289,13375.476289622955
321,,,,,,,12.178545529128089,13416.818028028027
322,,,,,,,12.179781916493026,13458.159766433098
323,,,,,,,12.181040624731093,13499.50150483817
324,,,,,,,12.182321963933322,13540.843243243242
325,,,,,,,12.183626246948293,13582.184981648314
326,,,,,,,12.184953789384307,13623.526720053385
327,,,,,,,12.186304909611211,13664.868458458457
328,,,,,,,12.18767992876187,13706.210196863529
329,,,,,,,12.189079170733292,13747.5519352686
330,,,,,,,12.190502962187386,13788.893673673672
331,,,,,,,12.191951632551362,13830.235412078744
332,,,,,,,12.193425514017761,13871.577150483816
333,,,,,,,12.194924941544114,13912.918888888888
334,,,,,,,12.196450252852225,13954.26062729396
335,,,,,,,12.198001788427073,13995.602365699031
336,,,,,,,12.19957989151533,14036.944104104103
337,,,,,,,12.20118490812349,14078.285842509174
338,,,,,,,12.202817187015597,14119.627580914246
339,,,,,,,12.204477079710593,14160.969319319318
340,,,,,,,12.20616494047924,14202.31105772439
341,,,,,,,12.207881126340656,14243.652796129461
342,,,,,,,12.209625997058426,14284.994534534533
343,,,,,,,12.21139991513631,14326.336272939605
344,,,,,,,12.21320324581352,14367.678011344677
345,,,,,,,12.215036357059583,14409.019749749748
346,,,,,,,12.216899619568762,14450.36148815482
347,,,,,,,12.218793406754067,14491.703226559892
348,,,,,,,12.220718094740803,14533.044964964964
349,,,,,,,12.222674062359705,14574.386703370035
350,,,,,,,12.224661691139598,14615.728441775107
351,,,,,,,12.226681365299637,14657.070180180179
352,,,,,,,12.22873347174107,14698.41191858525
353,,,,,,,12.230818400038556,14739.753656990322
354,,,,,,,12.232936542431027,14781.095395395394
355,,,,,,,12.235088293812055,14822.437133800466
356,,,,,,,12.237274051719789,14863.778872205537
357,,,,,,,12.239494216326388,14905.12061061061
358,,,,,,,12.241749190426985,14946.462349015681
359,,,,,,,12.24403937942817,14987.804087420753
360,,,,,,,12.246365191335986,15029.145825825824
361,,,,,,,12.248727036743432,15070.487564230896
362,,,,,,,12.25112532881747,15111.829302635968
363,,,,,,,12.253560483285536,15153.17104104104
364,,,,,,,12.256032918421555,15194.512779446111
365,,,,,,,12.258543055031431,15235.854517851183
366,,,,,,,12.26109131643804,15277.196256256255
367,,,,,,,12.26367812846571,15318.537994661327
368,,,,,,,12.266303919424171,15359.879733066398
369,,,,,,,12.268969120091992,15401.22147147147
370,,,,,,,12.27167416369949,15442.563209876542
371,,,,,,,12.2744194859111,15483.904948281614
372,,,,,,,12.277205524807224,15525.246686686685
373,,,,,,,12.280032720865533,15566.588425091757
374,,,,,,,12.282901516941731,15607.930163496829
375,,,,,,,12.285812358249771,15649.2719019019
376,,,,,,,12.288765692341522,15690.613640306972
377,,,,,,,12.291761969085886,15731.955378712044
378,,,,,,,12.294801640647355,15773.297117117116
379,,,,,,,12.29788516146401,15814.638855522187
380,,,,,,,12.301012988224949,15855.98059392726
381,,,,,,,12.304185579847168,15897.322332332331
382,,,,,,,12.307403397451838,15938.664070737403
383,,,,,,,12.310666904340039,15980.005809142474
384,,,,,,,12.313976565967895,16021.347547547544
385,,,,,,,12.317332849921142,16062.689285952616
386,,,,,,,12.320736225889096,16104.031024357688
387,,,,,,,12.324187165638051,16145.37276276276
388,,,,,,,12.327686142984065,16186.714501167831
389,,,,,,,12.331233633765168,16228.056239572903
390,,,,,,,12.33483011581296,16269.397977977975
391,,,,,,,12.338476068923615,16310.739716383046
392,,,,,,,12.342171974828283,16352.081454788118
393,,,,,,,12.345918317162864,16393.42319319319
394,,,,,,,12.349715581437206,16434.76493159826
395,,,,,,,12.353564255003649,16476.106670003333
396,,,,,,,12.357464827024984,16517.448408408403
397,,,,,,,12.361417788441777,16558.790146813477
398,,,,,,,12.36542363193907,16600.131885218547
399,,,,,,,12.369482851912462,16641.47362362362
400,,,,,,,12.373595944433552,16682.81536202869
401,,,,,,,12.377763407214767,16724.157100433764
402,,,,,,,12.381985739573528,16765.498838838834
403,,,,,,,12.386263442395816,16806.840577243907
404,,,,,,,12.390597018099056,16848.182315648977
405,,,,,,,12.394986970594399,16889.52405405405
406,,,,,,,12.399433805248332,16930.86579245912
407,,,,,,,12.403938028843646,16972.207530864194
408,,,,,,,12.408500149539758,17013.549269269264
409,,,,,,,12.41312067683239,17054.891007674338
410,,,,,,,12.417800121512563,17096.232746079408
411,,,,,,,12.422538995624972,17137.57448448448
412,,,,,,,12.427337812425671,17178.91622288955
413,,,,,,,12.43219708633911,17220.257961294625
414,,,,,,,12.43711733291451,17261.599699699695
415,,,,,,,12.442099068781573,17302.941438104768
416,,,,,,,12.4471428116055,17344.283176509838
417,,,,,,,12.452249080041383,17385.62491491491
418,,,,,,,12.457418393687886,17426.96665331998
419,,,,,,,12.46265127304027,17468.308391725055
420,,,,,,,12.467948239442743,17509.650130130125
421,,,,,,,12.473309815040121,17550.9918685352
422,,,,,,,12.47873652272883,17592.33360694027
423,,,,,,,12.484228886107209,17633.675345345342
424,,,,,,,12.489787429425133,17675.017083750412
425,,,,,,,12.495412677532968,17716.358822155486
426,,,,,,,12.50110515582982,17757.700560560555
427,,,,,,,12.506865390211113,17799.04229896563
428,,,,,,,12.512693907015471,17840.3840373707
429,,,,,,,12.518591232970921,17881.725775775772
430,,,,,,,12.524557895140383,17923.067514180842
431,,,,,,,12.530594420866505,17964.409252585916
432,,,,,,,12.536701337715764,18005.750990990986
433,,,,,,,12.542879173421916,18047.09272939606
434,,,,,,,12.549128455828713,18088.43446780113
435,,,,,,,12.555449712831958,18129.776206206203
436,,,,,,,12.56184347232084,18171.117944611273
437,,,,,,,12.568310262118588,18212.459683016346
438,,,,,,,12.574850609922418,18253.801421421416
439,,,,,,,12.581465043242796,18295.14315982649
440,,,,,,,12.588154089341984,18336.48489823156
441,,,,,,,12.59491827517191,18377.826636636633
442,,,,,,,12.601758127311323,18419.168375041703
443,,,,,,,12.608674171902253,18460.510113446777
444,,,,,,,12.61566693458578,18501.851851851847
445,,,,,,,12.622736940437099,18543.19359025692
446,,,,,,,12.62988471389988,18584.53532866199
447,,,,,,,12.637110778719947,18625.877067067064
448,,,,,,,12.644415657878238,18667.218805472134
449,,,,,,,12.651799873523085,18708.560543877207
450,,,,,,,12.659263946901786,18749.902282282277
451,,,,,,,12.666808398291483,18791.24402068735
452,,,,,,,12.674433746929346,18832.58575909242
453,,,,,,,12.682140510942059,18873.927497497494
454,,,,,,,12.689929207274607,18915.269235902564
455,,,,,,,12.697800351618387,18956.610974307638
456,,,,,,,12.705754458338593,18997.952712712708
457,,,,,,,12.71379204040095,19039.29445111778
458,,,,,,,12.721913609297717,19080.63618952285
459,,,,,,,12.730119674973034,19121.977927927925
460,,,,,,,12.738410745747556,19163.319666332995
461,,,,,,,12.746787328242421,19204.661404738068
462,,,,,,,12.755249927302508,19246.003143143138
463,,,,,,,12.76379904591904,19287.34488154821
464,,,,,,,12.772435185151483,19328.68661995328
465,,,,,,,12.781158844048772,19370.028358358355
466,,,,,,,12.789970519569861,19411.370096763425
467,,,,,,,12.798870706503603,19452.7118351685
468,,,,,,,12.807859897387932,19494.05357357357
469,,,,,,,12.816938582428405,19535.395311978642
470,,,,,,,12.82610724941605,19576.737050383712
471,,,,,,,12.835366383644569,19618.078788788785
472,,,,,,,12.844716467826844,19659.420527193855
473,,,,,,,12.854157982010822,19700.76226559893
474,,,,,,,12.863691403494713,19742.104004004
475,,,,,,,12.873317206741534,19783.445742409072
476,,,,,,,12.88303586329302,19824.787480814142
477,,,,,,,12.892847841682862,19866.129219219216
478,,,,,,,12.902753607349304,19907.470957624286
479,,,,,,,12.912753622547118,19948.81269602936
480,,,,,,,12.922848346258904,19990.15443443443
481,,,,,,,12.933038234105783,20031.496172839503
482,,,,,,,12.943323738257446,20072.837911244573
483,,,,,,,12.95370530734157,20114.179649649646
484,,,,,,,12.964183386352625,20155.521388054716
485,,,,,,,12.974758416560043,20196.86312645979
486,,,,,,,12.98543083541578,20238.20486486486
487,,,,,,,12.996201076461269,20279.546603269933
488,,,,,,,13.007069569233755,20320.888341675003
489,,,,,,,13.018036739172043,20362.230080080077
490,,,,,,,13.029103007521627,20403.571818485147
491,,,,,,,13.040268791239248,20444.91355689022
492,,,,,,,13.051534502896846,20486.25529529529
493,,,,,,,13.062900550584942,20527.597033700364
494,,,,,,,13.07436733781543,20568.938772105434
495,,,,,,,13.085935263423806,20610.280510510507
496,,,,,,,13.097604721470828,20651.622248915577
497,,,,,,,13.109376101143612,20692.96398732065
498,,,,,,,13.12124978665617,20734.30572572572
499,,,,,,,13.13322615714941,20775.647464130794
500,,,,,,,13.145305586590572,20816.989202535864
501,,,,,,,13.15748844367216,20858.330940940938
502,,,,,,,13.16977509171029,20899.672679346007
503,,,,,,,13.182165888542585,20941.01441775108
504,,,,,,,13.194661186425472,20982.35615615615
505,,,,,,,13.20726133193104,21023.697894561225
506,,,,,,,13.219966665843346,21065.039632966294
507,,,,,,,13.23277752305424,21106.381371371368
508,,,,,,,13.245694232458709,21147.723109776438
509,,,,,,,13.258717116849715,21189.06484818151
510,,,,,,,13.271846492812587,21230.40658658658
511,,,,,,,13.28508267061892,21271.748324991655
512,,,,,,,13.298425954120026,21313.090063396725
513,,,,,,,13.311876640639937,21354.431801801795
514,,,,,,,13.32543502086796,21395.77354020687
515,,,,,,,13.339101378750787,21437.11527861194
516,,,,,,,13.352875991384199,21478.457017017012
517,,,,,,,13.36675912890433,21519.79875542208
518,,,,,,,13.380751054378548,21561.140493827155
519,,,,,,,13.394852023695895,21602.482232232225
520,,,,,,,13.409062285457185,21643.8239706373
521,,,,,,,13.423382080864677,21685.16570904237
522,,,,,,,13.437811643611404,21726.507447447442
523,,,,,,,13.452351199770117,21767.849185852512
524,,,,,,,13.467000967681905,21809.190924257586
525,,,,,,,13.481761157844428,21850.532662662656
526,,,,,,,13.496631972799863,21891.87440106773
527,,,,,,,13.511613607022491,21933.2161394728
528,,,,,,,13.526706246805997,21974.557877877873
529,,,,,,,13.541910070150445,22015.899616282943
530,,,,,,,13.557225246648985,22057.241354688016
531,,,,,,,13.572651937374252,22098.583093093086
532,,,,,,,13.588190294764532,22139.92483149816
533,,,,,,,13.603840462509627,22181.26656990323
534,,,,,,,13.619602575436517,22222.608308308303
535,,,,,,,13.635476759394747,22263.950046713373
536,,,,,,,13.651463131141627,22305.291785118447
537,,,,,,,13.667561798227192,22346.633523523516
538,,,,,,,13.68377285887898,22387.97526192859
539,,,,,,,13.700096401886622,22429.31700033366
540,,,,,,,13.716532506486253,22470.658738738734
541,,,,,,,13.733081242244763,22512.000477143803
542,,,,,,,13.749742668943904,22553.342215548877
543,,,,,,,13.766516836464259,22594.683953953947
544,,,,,,,13.783403784669098,22636.02569235902
545,,,,,,,13.800403543288098,22677.36743076409
546,,,,,,,13.817516131801025,22718.709169169164
547,,,,,,,13.834741559321259,22760.050907574234
548,,,,,,,13.852079824479334,22801.392645979307
549,,,,,,,13.86953091530635,22842.734384384377
550,,,,,,,13.887094809117425,22884.07612278945
551,,,,,,,13.904771472395044,22925.41786119452
552,,,,,,,13.922560860672474,22966.759599599594
553,,,,,,,13.94046291841713,23008.101338004664
554,,,,,,,13.958477578914007,23049.443076409738
555,,,,,,,13.976604764149116,23090.784814814808
556,,,,,,,13.99484438469301,23132.12655321988
557,,,,,,,14.013196339584333,23173.46829162495
558,,,,,,,14.03166051621351,23214.810030030025
559,,,,,,,14.05023679020649,23256.151768435095
560,,,,,,,14.06892502530866,23297.49350684017
561,,,,,,,14.087725073268837,23338.83524524524
562,,,,,,,14.10663677372347,23380.17698365031
563,,,,,,,14.125659954080962,23421.51872205538
564,,,,,,,14.144794429406232,23462.860460460455
565,,,,,,,14.164040002305436,23504.202198865525
566,,,,,,,14.183396462810943,23545.5439372706
567,,,,,,,14.202863588266531,23586.88567567567
568,,,,,,,14.222441143212873,23628.227414080742
569,,,,,,,14.242128879273269,23669.569152485812
570,,,,,,,14.261926535039697,23710.910890890886
571,,,,,,,14.28183383595917,23752.252629295956
572,,,,,,,14.30185049422045,23793.59436770103
573,,,,,,,14.321976208641075,23834.9361061061
574,,,,,,,14.34221066455482,23876.277844511173
575,,,,,,,14.362553533699497,23917.619582916243
576,,,,,,,14.383004474105217,23958.961321321316
577,,,,,,,14.403563129983048,24000.303059726386
578,,,,,,,14.424229131614169,24041.64479813146
579,,,,,,,14.445002095239465,24082.98653653653
580,,,,,,,14.465881622949663,24124.328274941603
581,,,,,,,14.48686730257593,24165.670013346673
582,,,,,,,14.507958707581087,24207.011751751746
583,,,,,,,14.529155396951321,24248.353490156816
584,,,,,,,14.550456915088521,24289.69522856189
585,,,,,,,14.571862791703202,24331.03696696696
586,,,,,,,14.593372541708101,24372.378705372033
587,,,,,,,14.614985665112357,24413.720443777103
588,,,,,,,14.636701646916444,24455.062182182177
589,,,,,,,14.658519957007744,24496.403920587247
590,,,,,,,14.680440050056895,24537.74565899232
591,,,,,,,14.702461365414843,24579.08739739739
592,,,,,,,14.724583327010702,24620.429135802464
593,,,,,,,14.746805343250383,24661.770874207534
594,,,,,,,14.769126806916086,24703.112612612607
595,,,,,,,14.791547095066582,24744.454351017677
596,,,,,,,14.81406556893841,24785.79608942275
597,,,,,,,14.836681573847969,24827.13782782782
598,,,,,,,14.859394439094512,24868.479566232894
599,,,,,,,14.882203477864104,24909.821304637964
600,,,,,,,14.905107987134569,24951.163043043038
601,,,,,,,14.928107247581396,24992.504781448108
602,,,,,,,14.951200523484742,25033.84651985318
603,,,,,,,14.974387062637417,25075.18825825825
604,,,,,,,14.997666096254017,25116.529996663325
605,,,,,,,15.021036838881123,25157.871735068395
606,,,,,,,15.044498488308676,25199.21347347347
607,,,,,,,15.068050225482484,25240.555211878538
608,,,,,,,15.091691214417962,25281.89695028361
609,,,,,,,15.115420602115076,25323.23868868868
610,,,,,,,15.13923751847454,25364.580427093755
611,,,,,,,15.163141076215306,25405.922165498825
612,,,,,,,15.187130370793371,25447.2639039039
613,,,,,,,15.211204480321914,25488.60564230897
614,,,,,,,15.23536246549283,25529.947380714042
615,,,,,,,15.259603369499638,25571.289119119112
616,,,,,,,15.28392621796184,25612.630857524186
617,,,,,,,15.308330018850771,25653.972595929255
618,,,,,,,15.3328137624169,25695.31433433433
619,,,,,,,15.357376421118696,25736.6560727394
620,,,,,,,15.38201694955305,25777.997811144473
621,,,,,,,15.406734284387273,25819.339549549542
622,,,,,,,15.431527344292757,25860.681287954616
623,,,,,,,15.456395029880259,25902.023026359686
624,,,,,,,15.481336223636896,25943.36476476476
625,,,,,,,15.50634978986487,25984.70650316983
626,,,,,,,15.531434574621962,26026.048241574903
627,,,,,,,15.556589405663782,26067.389979979973
628,,,,,,,15.581813092387893,26108.731718385046
629,,,,,,,15.607104425779813,26150.073456790116
630,,,,,,,15.632462178360813,26191.41519519519
631,,,,,,,15.657885104137812,26232.75693360026
632,,,,,,,15.683371938555094,26274.098672005333
633,,,,,,,15.708921398448135,26315.440410410403
634,,,,,,,15.734532181999406,26356.782148815477
635,,,,,,,15.76020296869629,26398.123887220547
636,,,,,,,15.785932419291163,26439.46562562562
637,,,,,,,15.811719175763473,26480.80736403069
638,,,,,,,15.837561861284255,26522.149102435764
639,,,,,,,15.863459080182619,26563.490840840834
640,,,,,,,15.889409417914727,26604.832579245907
641,,,,,,,15.915411441034909,26646.174317650977
642,,,,,,,15.941463697169263,26687.51605605605
643,,,,,,,15.967564714991525,26728.85779446112
644,,,,,,,15.99371300420146,26770.199532866194
645,,,,,,,16.019907055505687,26811.541271271264
646,,,,,,,16.046145340600976,26852.883009676338
647,,,,,,,16.072426312160125,26894.224748081408
648,,,,,,,16.09874840382047,26935.56648648648
649,,,,,,,16.12511003017494,26976.90822489155
650,,,,,,,16.15150958676585,27018.249963296625
651,,,,,,,16.17794545008139,27059.591701701695
652,,,,,,,16.20441597755485,27100.933440106768
653,,,,,,,16.230919507566696,27142.275178511838
654,,,,,,,16.257454359449437,27183.61691691691
655,,,,,,,16.284018833495434,27224.95865532198
656,,,,,,,16.31061121096758,27266.300393727055
657,,,,,,,16.337229754113004,27307.642132132125
658,,,,,,,16.363872706179805,27348.9838705372
659,,,,,,,16.390538291436812,27390.32560894227
660,,,,,,,16.41722471519644,27431.667347347342
661,,,,,,,16.443930163840797,27473.009085752412
662,,,,,,,16.470652804850918,27514.350824157485
663,,,,,,,16.49739078683924,27555.692562562555
664,,,,,,,16.52414223958545,27597.03430096763
665,,,,,,,16.5509052740756,27638.3760393727
666,,,,,,,16.57767798254467,27679.717777777772
667,,,,,,,16.60445843852252,27721.059516182842
668,,,,,,,16.631244696883414,27762.401254587916
669,,,,,,,16.658034793898974,27803.742992992986
670,,,,,,,16.68482674729482,27845.08473139806
671,,,,,,,16.71161855631079,27886.42646980313
672,,,,,,,16.73840820176486,27927.768208208203
673,,,,,,,16.765193646120846,27969.109946613273
674,,,,,,,16.7919728335598,28010.451685018346
675,,,,,,,16.81874369005535,28051.793423423416
676,,,,,,,16.84550412345287,28093.13516182849
677,,,,,,,16.8722520235526,28134.47690023356
678,,,,,,,16.89898526219679,28175.818638638633
679,,,,,,,16.92570169336086,28217.160377043703
680,,,,,,,16.9523991532487,28258.502115448777
681,,,,,,,16.979075460392114,28299.843853853847
682,,,,,,,17.005728415754387,28341.18559225892
683,,,,,,,17.03235580283834,28382.52733066399
684,,,,,,,17.05895538779841,28423.869069069064
685,,,,,,,17.085524919557336,28465.210807474134
686,,,,,,,17.11206212992726,28506.552545879207
687,,,,,,,17.138564733735073,28547.894284284277
688,,,,,,,17.165030428952686,28589.23602268935
689,,,,,,,17.19145689683154,28630.57776109442
690,,,,,,,17.217841802042013,28671.919499499494
691,,,,,,,17.24418279281747,28713.261237904564
692,,,,,,,17.270477501103027,28754.602976309638
693,,,,,,,17.296723542709294,28795.944714714708
694,,,,,,,17.322918517470775,28837.28645311978
695,,,,,,,17.349060009409527,28878.62819152485
696,,,,,,,17.375145586903525,28919.969929929925
697,,,,,,,17.401172802860334,28961.311668334994
698,,,,,,,17.42713919489578,29002.653406740068
699,,,,,,,17.453042285517842,29043.995145145138
700,,,,,,,17.478879582315834,29085.33688355021
701,,,,,,,17.504648578154914,29126.67862195528
702,,,,,,,17.530346751375873,29168.020360360355
703,,,,,,,17.555971566000494,29209.362098765425
704,,,,,,,17.581520471942326,29250.7038371705
705,,,,,,,17.606990905223064,29292.04557557557
706,,,,,,,17.632380288194643,29333.387313980642
707,,,,,,,17.657686029766833,29374.729052385712
708,,,,,,,17.682905525640813,29416.070790790785
709,,,,,,,17.70803615854845,29457.412529195855
710,,,,,,,17.733075298497514,29498.75426760093
711,,,,,,,17.758020303022867,29540.096006006
712,,,,,,,17.782868517443625,29581.437744411072
713,,,,,,,17.807617275126574,29622.779482816142
714,,,,,,,17.83226389775548,29664.121221221216
715,,,,,,,17.85680569560696,29705.462959626286
716,,,,,,,17.881239967832414,29746.80469803136
717,,,,,,,17.905564002746427,29788.14643643643
718,,,,,,,17.929775078121637,29829.488174841503
719,,,,,,,17.953870461489974,29870.829913246573
720,,,,,,,17.977847410450792,29912.171651651646
721,,,,,,,18.001703172985263,29953.513390056716
722,,,,,,,18.025434987777842,29994.85512846179
723,,,,,,,18.04904008454431,30036.19686686686
724,,,,,,,18.072515684366785,30077.538605271933
725,,,,,,,18.095859000035727,30118.880343677003
726,,,,,,,18.119067236398827,30160.222082082077
727,,,,,,,18.142137590717123,30201.563820487147
728,,,,,,,18.165067253028234,30242.90555889222
729,,,,,,,18.187853406516798,30284.24729729729
730,,,,,,,18.21049322789234,30325.589035702364
731,,,,,,,18.232983887774466,30366.930774107434
732,,,,,,,18.255322551085438,30408.272512512507
733,,,,,,,18.277506377450628,30449.614250917577
734,,,,,,,18.2995325216061,30490.95598932265
735,,,,,,,18.321398133814395,30532.29772772772
736,,,,,,,18.343100360287835,30573.639466132794
737,,,,,,,18.36463634361972,30614.981204537864
738,,,,,,,18.38600322322354,30656.322942942938
739,,,,,,,18.407198135780106,30697.664681348007
740,,,,,,,18.428218215692986,30739.00641975308
741,,,,,,,18.449060595551874,30780.34815815815
742,,,,,,,18.469722406604454,30821.689896563224
743,,,,,,,18.49020077923651,30863.031634968294
744,,,,,,,18.510492843460476,30904.373373373368
745,,,,,,,18.5305957294125,30945.715111778438
746,,,,,,,18.550506567858214,30987.05685018351
747,,,,,,,18.570222490707067,31028.39858858858
748,,,,,,,18.589740631535474,31069.740326993655
749,,,,,,,18.609058126118818,31111.082065398725
750,,,,,,,18.62817211297256,31152.4238038038
751,,,,,,,18.647079733901982,31193.76554220887
752,,,,,,,18.665778134561634,31235.107280613942
753,,,,,,,18.684264465023364,31276.44901901901
754,,,,,,,18.702535880354137,31317.790757424085
755,,,,,,,18.720589541202955,31359.132495829155
756,,,,,,,18.73842261439747,31400.47423423423
757,,,,,,,18.75603227354987,31441.8159726393
758,,,,,,,18.773415699672775,31483.157711044372
759,,,,,,,18.790570081804564,31524.499449449442
760,,,,,,,18.80749261764478,31565.841187854516
761,,,,,,,18.82418051419934,31607.182926259586
762,,,,,,,18.840630988435755,31648.52466466466
763,,,,,,,18.856841267948514,31689.86640306973
764,,,,,,,18.872808591634747,31731.208141474803
765,,,,,,,18.888530210380218,31772.549879879873
766,,,,,,,18.90400338775528,31813.891618284946
767,,,,,,,18.919225400722055,31855.233356690016
768,,,,,,,18.9341935403517,31896.575095095086
769,,,,,,,18.94890511255239,31937.91683350016
770,,,,,,,18.9633574388084,31979.25857190523
771,,,,,,,18.977547856929718,32020.600310310303
772,,,,,,,18.991473721812877,32061.942048715373
773,,,,,,,19.005132406212727,32103.283787120447
774,,,,,,,19.01852130152556,32144.625525525516
775,,,,,,,19.03163781858333,32185.96726393059
776,,,,,,,19.044479388459397,32227.30900233566
777,,,,,,,19.05704346328577,32268.650740740733
778,,,,,,,19.069327517081643,32309.992479145803
779,,,,,,,19.081329046594252,32351.334217550877
780,,,,,,,19.093045572150796,32392.675955955947
781,,,,,,,19.104474638522724,32434.01769436102
782,,,,,,,19.115613815802014,32475.35943276609
783,,,,,,,19.126460700289275,32516.701171171164
784,,,,,,,19.137012915394436,32558.042909576234
785,,,,,,,19.147268112549433,32599.384647981307
786,,,,,,,19.157223972133416,32640.726386386377
787,,,,,,,19.166878204410747,32682.06812479145
788,,,,,,,19.176228550481287,32723.40986319652
789,,,,,,,19.1852727832436,32764.751601601594
790,,,,,,,19.194008708371065,32806.093340006664
791,,,,,,,19.202434165300847,32847.43507841174
792,,,,,,,19.21054702823611,32888.77681681681
793,,,,,,,19.218345207161267,32930.11855522188
794,,,,,,,19.22582664887058,32971.46029362696
795,,,,,,,19.23298933801027,33012.80203203203
796,,,,,,,19.23983129813412,33054.1437704371
797,,,,,,,19.246350592772565,33095.48550884217
798,,,,,,,19.252545326515975,33136.827247247245
799,,,,,,,19.258413646111332,33178.168985652315
800,,,,,,,19.26395374157296,33219.510724057385
801,,,,,,,19.26916384730791,33260.852462462455
802,,,,,,,19.27404224325483,33302.19420086753
803,,,,,,,19.278587256037763,33343.5359392726
804,,,,,,,19.282797260134082,33384.87767767767
805,,,,,,,19.28667067905702,33426.21941608274
806,,,,,,,19.29020598655321,33467.56115448782
807,,,,,,,19.29340170781461,33508.90289289289
808,,,,,,,19.296256420705788,33550.24463129796
809,,,,,,,19.298768757005924,33591.58636970303
810,,,,,,,19.300937403666417,33632.928108108106
811,,,,,,,19.30276110408324,33674.269846513176
812,,,,,,,19.30423865938531,33715.611584918246
813,,,,,,,19.30536892973792,33756.953323323316
814,,,,,,,19.306150835662535,33798.29506172839
815,,,,,,,19.306583359371523,33839.63680013346
816,,,,,,,19.306665546119437,33880.97853853853
817,,,,,,,19.306396505570206,33922.3202769436
818,,,,,,,19.305775413180704,33963.66201534868
819,,,,,,,19.304801511600235,34005.00375375375
820,,,,,,,19.30347411208673,34046.34549215882
821,,,,,,,19.301792595939517,34087.68723056389
822,,,,,,,19.299756415949023,34129.02896896897
823,,,,,,,19.297365097862752,34170.37070737404
824,,,,,,,19.29461824186878,34211.71244577911
825,,,,,,,19.29151552409609,34253.05418418418
826,,,,,,,19.288056698132472,34294.395922589254
827,,,,,,,19.284241596559013,34335.737660994324
828,,,,,,,19.280070132503397,34377.079399399394
829,,,,,,,19.275542301209335,34418.421137804464
830,,,,,,,19.27065818162538,34459.76287620954
831,,,,,,,19.26541793801008,34501.10461461461
832,,,,,,,19.259821821556464,34542.44635301968
833,,,,,,,19.253870172034134,34583.78809142475
834,,,,,,,19.24756341944957,34625.12982982983
835,,,,,,,19.240902085725565,34666.4715682349
836,,,,,,,19.23388678639837,34707.81330663997
837,,,,,,,19.226518232334428,34749.15504504504
838,,,,,,,19.21879723146565,34790.496783450115
839,,,,,,,19.210724690543678,34831.838521855185
840,,,,,,,19.202301616913367,34873.180260260255
841,,,,,,,19.193529120305914,34914.521998665325
842,,,,,,,19.184408414651017,34955.8637370704
843,,,,,,,19.17494081990898,34997.20547547547
844,,,,,,,19.16512776392234,35038.54721388054
845,,,,,,,19.154970784287816,35079.88895228561
846,,,,,,,19.14447153024789,35121.23069069069
847,,,,,,,19.133631764602704,35162.57242909576
848,,,,,,,19.12245336564294,35203.91416750083
849,,,,,,,19.11093832910197,35245.2559059059
850,,,,,,,19.099088770129903,35286.597644310976
851,,,,,,,19.086906925287945,35327.939382716046
852,,,,,,,19.074395154563376,35369.281121121116
853,,,,,,,19.061555943406645,35410.622859526185
854,,,,,,,19.048391904788694,35451.96459793126
855,,,,,,,19.03490578128025,35493.30633633633
856,,,,,,,19.02110044715265,35534.6480747414
857,,,,,,,19.006978910500592,35575.98981314647
858,,,,,,,18.992544315386432,35617.33155155155
859,,,,,,,18.977799944006797,35658.67328995662
860,,,,,,,18.962749218881385,35700.01502836169
861,,,,,,,18.947395705063887,35741.35676676676
862,,,,,,,18.93174311237611,35782.69850517184
863,,,,,,,18.915795297664204,35824.04024357691
864,,,,,,,18.89955626707807,35865.38198198198
865,,,,,,,18.883030178373094,35906.723720387046
866,,,,,,,18.866221343236944,35948.06545879212
867,,,,,,,18.849134229637293,35989.40719719719
868,,,,,,,18.831773464194715,36030.74893560226
869,,,,,,,18.814143834578854,36072.09067400733
870,,,,,,,18.796250291928402,36113.43241241241
871,,,,,,,18.778097953295003,36154.77415081748
872,,,,,,,18.759692104111608,36196.11588922255
873,,,,,,,18.741038200685214,36237.45762762762
874,,,,,,,18.722141872713596,36278.7993660327
875,,,,,,,18.703008925827625,36320.14110443777
876,,,,,,,18.683645344157735,36361.48284284284
877,,,,,,,18.664057292925545,36402.82458124791
878,,,,,,,18.644251121061693,36444.166319652984
879,,,,,,,18.624233363847168,36485.508058058054
880,,,,,,,18.604010745582222,36526.849796463124
881,,,,,,,18.583590182279753,36568.191534868194
882,,,,,,,18.562978784385116,36609.53327327327
883,,,,,,,18.54218385952164,36650.87501167834
884,,,,,,,18.521212915263405,36692.21675008341
885,,,,,,,18.50007366193332,36733.55848848848
886,,,,,,,18.47877401542851,36774.90022689356
887,,,,,,,18.45732210007248,36816.24196529863
888,,,,,,,18.435726251493914,36857.5837037037
889,,,,,,,18.41399501953346,36898.92544210877
890,,,,,,,18.39213717117697,36940.267180513845
891,,,,,,,18.370161693517048,36981.608918918915
892,,,,,,,18.348077796741894,37022.950657323985
893,,,,,,,18.325894917152027,37064.292395729055
894,,,,,,,18.303622720206068,37105.63413413413
895,,,,,,,18.281271103593305,37146.9758725392
896,,,,,,,18.258850200336266,37188.31761094427
897,,,,,,,18.236370381920818,37229.65934934934
898,,,,,,,18.21384226145606,37271.00108775442
899,,,,,,,18.191276696862232,37312.34282615949
900,,,,,,,18.16868479408939,37353.68456456456
901,,,,,,,18.146077910364006,37395.02630296963
902,,,,,,,18.123467657466737,37436.368041374706
903,,,,,,,18.100865905038027,37477.709779779776
904,,,,,,,18.07828478391616,37519.051518184846
905,,,,,,,18.055736689503863,37560.393256589916
906,,,,,,,18.033234285165605,37601.73499499499
907,,,,,,,18.010790505656477,37643.07673340006
908,,,,,,,17.98841856058064,37684.41847180513
909,,,,,,,17.96613193788183,37725.7602102102
910,,,,,,,17.943944407364434,37767.10194861528
911,,,,,,,17.921870024246857,37808.44368702035
912,,,,,,,17.899923132744973,37849.78542542542
913,,,,,,,17.87811836968956,37891.12716383049
914,,,,,,,17.856470668174058,37932.46890223557
915,,,,,,,17.834995261235427,37973.81064064064
916,,,,,,,17.813707685567408,38015.15237904571
917,,,,,,,17.79262378526584,38056.49411745078
918,,,,,,,17.77175971560844,38097.835855855854
919,,,,,,,17.751131946865765,38139.177594260924
920,,,,,,,17.73075726814664,38180.519332665994
921,,,,,,,17.71065279127671,38221.86107107106
922,,,,,,,17.690835954711506,38263.20280947614
923,,,,,,,17.671324527482223,38304.54454788121
924,,,,,,,17.65213661317686,38345.88628628628
925,,,,,,,17.633290653954226,38387.22802469135
926,,,,,,,17.614805434594984,38428.56976309643
927,,,,,,,17.59670008658469,38469.9115015015
928,,,,,,,17.578994092234485,38511.25323990657
929,,,,,,,17.561707288834562,38552.59497831164
930,,,,,,,17.54485987284558,38593.936716716715
931,,,,,,,17.528472404123708,38635.278455121785
932,,,,,,,17.512565810183247,38676.620193526855
933,,,,,,,17.49716139049342,38717.961931931924
934,,,,,,,17.482280820814886,38759.303670337
935,,,,,,,17.46794615756833,38800.64540874207
936,,,,,,,17.45417984224386,38841.98714714714
937,,,,,,,17.44100470584507,38883.32888555221
938,,,,,,,17.42844397337245,38924.67062395729
939,,,,,,,17.416521268341587,38966.01236236236
940,,,,,,,17.40526061734107,39007.35410076743
941,,,,,,,17.394686454628776,39048.6958391725
942,,,,,,,17.384823626764796,39090.037577577576
943,,,,,,,17.37569739728298,39131.379315982645
944,,,,,,,17.36733345140305,39172.721054387715
945,,,,,,,17.35975790077905,39214.062792792785
946,,,,,,,17.352997288289213,39255.40453119786
947,,,,,,,17.347078592863305,39296.74626960293
948,,,,,,,17.342029234351397,39338.088008008
949,,,,,,,17.337877078430623,39379.42974641307
950,,,,,,,17.334650441554082,39420.77148481815
951,,,,,,,17.33237809593823,39462.11322322322
952,,,,,,,17.331089274591978,39503.45496162829
953,,,,,,,17.33081367638652,39544.79670003336
954,,,,,,,17.33158147116604,39586.13843843844
955,,,,,,,17.333423304899135,39627.480176843506
956,,,,,,,17.336370304874066,39668.821915248576
957,,,,,,,17.340454084932183,39710.163653653646
958,,,,,,,17.345706750747024,39751.50539205872
959,,,,,,,17.35216090514347,39792.84713046379
960,,,,,,,17.359849653460927,39834.18886886886
961,,,,,,,17.368806608957605,39875.53060727393
962,,,,,,,17.37906589825976,39916.87234567901
963,,,,,,,17.390662166852714,39958.21408408408
964,,,,,,,17.40363058461722,39999.55582248915
965,,,,,,,17.41800685140786,40040.89756089422
966,,,,,,,17.43382720267592,40082.2392992993
967,,,,,,,17.45112841513848,40123.58103770437
968,,,,,,,17.469947812489103,40164.92277610944
969,,,,,,,17.490323271156456,40206.26451451451
970,,,,,,,17.51229322610518,40247.606252919584
971,,,,,,,17.535896676684686,40288.947991324654
972,,,,,,,17.561173192523118,40330.289729729724
973,,,,,,,17.58816291946424,40371.631468134794
974,,,,,,,17.61690658555649,40412.97320653987
975,,,,,,,17.647445507081706,40454.31494494494
976,,,,,,,17.67982159463647,40495.65668335001
977,,,,,,,17.714077359256798,40536.99842175508
978,,,,,,,17.75025591859103,40578.34016016016
979,,,,,,,17.788401003121063,40619.68189856523
980,,,,,,,17.82855696243091,40661.0236369703
981,,,,,,,17.870768771522776,40702.36537537537
982,,,,,,,17.91508203718245,40743.707113780445
983,,,,,,,17.961543004393775,40785.048852185515
984,,,,,,,18.010198562798372,40826.390590590585
985,,,,,,,18.0610962532116,40867.732328995655
986,,,,,,,18.11428427418071,40909.07406740073
987,,,,,,,18.169811488596984,40950.4158058058
988,,,,,,,18.227727430357493,40991.75754421087
989,,,,,,,18.28808231107518,41033.09928261594
990,,,,,,,18.35092702684247,41074.44102102102
991,,,,,,,18.41631316504336,41115.78275942609
992,,,,,,,18.48429301121803,41157.12449783116
993,,,,,,,18.55491955597875,41198.46623623623
994,,,,,,,18.628246501976097,41239.807974641306
995,,,,,,,18.704328270921064,41281.149713046376
996,,,,,,,18.78322001065457,41322.491451451446
997,,,,,,,18.86497760227285,41363.833189856516
998,,,,,,,18.949657667305384,41405.17492826159
999,,,,,,,19.037317574946144,41446.51666666666
