,Unnamed: 0,LOCATION,TIME,USA_unemployment_rate,index,time_close,BTC_closing_price,yfit,xfit
0,0.0,USA,2015-09-01,5.0,4.0,2015-08-31 00:00:00+00:00,162.85666666666663,,
1,1.0,USA,2015-10-01,5.0,5.0,2015-09-30 00:00:00+00:00,154.57666666666668,,
2,2.0,USA,2015-11-01,5.1,6.0,2015-10-31 00:00:00+00:00,172.75,,
3,3.0,USA,2015-12-01,5.0,7.0,2015-11-30 00:00:00+00:00,230.23666666666668,,
4,4.0,USA,2016-01-01,4.8,8.0,2015-12-31 00:00:00+00:00,290.2266666666667,,
5,5.0,USA,2016-02-01,4.9,9.0,2016-01-31 00:00:00+00:00,292.62333333333333,,
6,6.0,USA,2016-03-01,5.0,10.0,2016-02-29 00:00:00+00:00,274.18333333333334,,
7,7.0,USA,2016-04-01,5.1,11.0,2016-03-31 00:00:00+00:00,289.38000000000005,,
8,8.0,USA,2016-05-01,4.8,12.0,2016-04-30 00:00:00+00:00,309.3433333333333,,
9,9.0,USA,2016-06-01,4.9,13.0,2016-05-31 00:00:00+00:00,314.16333333333336,,
10,10.0,USA,2016-07-01,4.8,14.0,2016-06-30 00:00:00+00:00,419.3966666666667,,
11,11.0,USA,2016-08-01,4.9,15.0,2016-07-31 00:00:00+00:00,515.3733333333333,,
12,12.0,USA,2016-09-01,5.0,16.0,2016-08-31 00:00:00+00:00,449.8475,,
13,13.0,USA,2016-10-01,4.9,17.0,2016-09-30 00:00:00+00:00,472.71333333333337,,
14,14.0,USA,2016-11-01,4.7,18.0,2016-10-31 00:00:00+00:00,532.6866666666666,,
15,15.0,USA,2016-12-01,4.7,19.0,2016-11-30 00:00:00+00:00,598.0533333333334,,
16,16.0,USA,2017-01-01,4.7,20.0,2016-12-31 00:00:00+00:00,686.7433333333332,,
17,17.0,USA,2017-02-01,4.6,21.0,2017-01-31 00:00:00+00:00,738.9866666666667,,
18,18.0,USA,2017-03-01,4.4,22.0,2017-02-28 00:00:00+00:00,887.9966666666666,,
19,19.0,USA,2017-04-01,4.5,23.0,2017-03-31 00:00:00+00:00,883.1233333333333,,
20,20.0,USA,2017-05-01,4.4,24.0,2017-04-30 00:00:00+00:00,983.2333333333332,,
21,21.0,USA,2017-06-01,4.3,25.0,2017-05-31 00:00:00+00:00,1514.8366666666668,,
22,22.0,USA,2017-07-01,4.3,26.0,2017-06-30 00:00:00+00:00,2067.9933333333333,,
23,23.0,USA,2017-08-01,4.4,27.0,2017-07-31 00:00:00+00:00,1900.4016666666666,,
24,24.0,USA,2017-09-01,4.2,28.0,2017-08-31 00:00:00+00:00,3106.5056666666665,,
25,25.0,USA,2017-10-01,4.1,29.0,2017-09-30 00:00:00+00:00,3057.8033333333333,,
26,26.0,USA,2017-11-01,4.2,30.0,2017-10-31 00:00:00+00:00,4017.106666666666,,
27,27.0,USA,2017-12-01,4.1,31.0,2017-11-30 00:00:00+00:00,5717.056666666666,,
28,28.0,USA,2018-01-01,4.0,32.0,2017-12-31 00:00:00+00:00,10770.063333333334,,
29,29.0,USA,2018-02-01,4.1,33.0,2018-01-31 00:00:00+00:00,9876.883333333333,,
30,30.0,USA,2018-03-01,4.0,34.0,2018-02-28 00:00:00+00:00,6633.079999999999,,
31,31.0,USA,2018-04-01,4.0,35.0,2018-03-31 00:00:00+00:00,6785.493333333333,,
32,32.0,USA,2018-05-01,3.8,36.0,2018-04-30 00:00:00+00:00,5766.466666666667,,
33,33.0,USA,2018-06-01,4.0,37.0,2018-05-31 00:00:00+00:00,6420.746666666668,,
34,34.0,USA,2018-07-01,3.8,38.0,2018-06-30 00:00:00+00:00,5078.5999999999985,,
35,35.0,USA,2018-08-01,3.8,39.0,2018-07-31 00:00:00+00:00,5157.97,,
36,36.0,USA,2018-09-01,3.7,40.0,2018-08-31 00:00:00+00:00,5311.565000000001,,
37,37.0,USA,2018-10-01,3.8,41.0,2018-09-30 00:00:00+00:00,4960.323333333334,,
38,38.0,USA,2018-11-01,3.8,42.0,2018-10-31 00:00:00+00:00,4997.333333333333,,
39,39.0,USA,2018-12-01,3.9,43.0,2018-11-30 00:00:00+00:00,3994.5,,
40,40.0,USA,2019-01-01,4.0,44.0,2018-12-31 00:00:00+00:00,2912.856666666666,,
41,41.0,USA,2019-02-01,3.8,45.0,2019-01-31 00:00:00+00:00,2866.2566666666667,,
42,42.0,USA,2019-03-01,3.8,46.0,2019-02-28 00:00:00+00:00,2763.476666666667,,
43,43.0,USA,2019-04-01,3.7,47.0,2019-03-31 00:00:00+00:00,3065.1566666666668,,
44,44.0,USA,2019-05-01,3.7,48.0,2019-04-30 00:00:00+00:00,4040.2,,
45,45.0,USA,2019-06-01,3.6,49.0,2019-05-31 00:00:00+00:00,5750.463333333332,,
46,46.0,USA,2019-07-01,3.6,50.0,2019-06-30 00:00:00+00:00,7522.53,,
47,47.0,USA,2019-08-01,3.7,51.0,2019-07-31 00:00:00+00:00,8224.346666666666,,
48,48.0,USA,2019-09-01,3.5,52.0,2019-08-31 00:00:00+00:00,8805.886666666667,,
49,49.0,USA,2019-10-01,3.6,53.0,2019-09-30 00:00:00+00:00,7895.406666666666,,
50,50.0,USA,2019-11-01,3.6,54.0,2019-10-31 00:00:00+00:00,6597.956666666666,,
51,51.0,USA,2019-12-01,3.6,55.0,2019-11-30 00:00:00+00:00,6469.213333333332,,
52,52.0,USA,2020-01-01,3.5,56.0,2019-12-31 00:00:00+00:00,5474.086666666666,,
53,53.0,USA,2020-02-01,3.5,57.0,2020-01-31 00:00:00+00:00,6082.556666666666,,
54,54.0,USA,2020-03-01,4.4,58.0,2020-02-29 00:00:00+00:00,7530.593333333332,,
55,55.0,USA,2020-04-01,14.8,59.0,2020-03-31 00:00:00+00:00,5720.506666666667,,
56,56.0,USA,2020-05-01,13.3,60.0,2020-04-30 00:00:00+00:00,5614.0633333333335,,
57,57.0,USA,2020-06-01,11.1,61.0,2020-05-31 00:00:00+00:00,7320.54,,
58,58.0,USA,2020-07-01,10.2,62.0,2020-06-30 00:00:00+00:00,7693.09,,
59,59.0,USA,2020-08-01,8.4,63.0,2020-07-31 00:00:00+00:00,7717.5375,,
60,60.0,USA,2020-09-01,7.8,64.0,2020-08-31 00:00:00+00:00,8968.646666666667,,
61,61.0,USA,2020-10-01,6.9,65.0,2020-09-30 00:00:00+00:00,8304.48,,
62,62.0,USA,2020-11-01,6.7,66.0,2020-10-31 00:00:00+00:00,9331.256666666666,,
63,63.0,USA,2020-12-01,6.7,67.0,2020-11-30 00:00:00+00:00,12850.81,,
64,64.0,USA,2021-01-01,6.3,68.0,2020-12-31 00:00:00+00:00,16988.72333333333,,
65,65.0,USA,2021-02-01,6.2,69.0,2021-01-31 00:00:00+00:00,25970.106666666667,,
66,66.0,USA,2021-03-01,6.0,70.0,2021-02-28 00:00:00+00:00,32549.94333333333,,
67,67.0,USA,2021-04-01,6.1,71.0,2021-03-31 00:00:00+00:00,39925.35666666667,,
68,68.0,USA,2021-05-01,5.8,72.0,2021-04-30 00:00:00+00:00,41446.51666666666,,
69,69.0,USA,2021-06-01,5.9,73.0,2021-05-31 00:00:00+00:00,33007.263333333336,,
70,70.0,USA,2021-07-01,5.4,74.0,2021-06-30 00:00:00+00:00,25347.84333333333,,
71,71.0,USA,2021-08-01,5.2,75.0,2021-07-31 00:00:00+00:00,24324.596666666668,,
72,72.0,USA,2021-09-01,4.8,76.0,2021-08-31 00:00:00+00:00,32926.090000000004,,
73,73.0,USA,2021-10-01,4.6,77.0,2021-09-30 00:00:00+00:00,33857.72,,
74,74.0,USA,2021-11-01,4.2,78.0,2021-10-31 00:00:00+00:00,40583.98666666666,,
0,,,,,,,,4.555524384283904,154.57666666666668
1,,,,,,,,4.555945315096725,195.90993993993996
2,,,,,,,,4.556462991867472,237.2432132132132
3,,,,,,,,4.557076467371301,278.5764864864865
4,,,,,,,,4.557784798565301,319.90975975975977
5,,,,,,,,4.558587046580757,361.24303303303304
6,,,,,,,,4.559482276715415,402.57630630630626
7,,,,,,,,4.560469558425747,443.9095795795796
8,,,,,,,,4.561547965319211,485.2428528528528
9,,,,,,,,4.562716575146523,526.5761261261262
10,,,,,,,,4.563974469793913,567.9093993993994
11,,,,,,,,4.565320735275392,609.2426726726727
12,,,,,,,,4.566754461725018,650.5759459459459
13,,,,,,,,4.568274743389157,691.9092192192193
14,,,,,,,,4.569880678618748,733.2424924924925
15,,,,,,,,4.57157136986157,774.5757657657658
16,,,,,,,,4.573345923654502,815.909039039039
17,,,,,,,,4.575203450615787,857.2423123123123
18,,,,,,,,4.5771430654372995,898.5755855855856
19,,,,,,,,4.579163886876808,939.9088588588588
20,,,,,,,,4.581265037750238,981.2421321321322
21,,,,,,,,4.583445644923937,1022.5754054054054
22,,,,,,,,4.5857048393069375,1063.9086786786786
23,,,,,,,,4.588041755843225,1105.241951951952
24,,,,,,,,4.590455533503994,1146.575225225225
25,,,,,,,,4.5929453152799224,1187.9084984984984
26,,,,,,,,4.595510248173427,1229.2417717717717
27,,,,,,,,4.598149483190931,1270.5750450450448
28,,,,,,,,4.600862175335129,1311.9083183183182
29,,,,,,,,4.603647483597248,1353.2415915915915
30,,,,,,,,4.606504570949317,1394.5748648648648
31,,,,,,,,4.6094326043364235,1435.908138138138
32,,,,,,,,4.612430754668984,1477.2414114114113
33,,,,,,,,4.615498196815004,1518.5746846846846
34,,,,,,,,4.618634109592345,1559.9079579579577
35,,,,,,,,4.621837675760985,1601.241231231231
36,,,,,,,,4.625108082015289,1642.5745045045044
37,,,,,,,,4.628444518976263,1683.9077777777777
38,,,,,,,,4.631846181183828,1725.2410510510508
39,,,,,,,,4.635312267089079,1766.5743243243242
40,,,,,,,,4.63884197904655,1807.9075975975975
41,,,,,,,,4.642434523306477,1849.2408708708706
42,,,,,,,,4.646089110007064,1890.574144144144
43,,,,,,,,4.649804953166747,1931.9074174174173
44,,,,,,,,4.6535812706764546,1973.2406906906906
45,,,,,,,,4.657417284291878,2014.5739639639637
46,,,,,,,,4.661312219625728,2055.907237237237
47,,,,,,,,4.6652653061400065,2097.2405105105104
48,,,,,,,,4.669275777138264,2138.5737837837837
49,,,,,,,,4.673342869757869,2179.907057057057
50,,,,,,,,4.677465824962267,2221.2403303303304
51,,,,,,,,4.681643887533249,2262.5736036036037
52,,,,,,,,4.6858763060632125,2303.906876876877
53,,,,,,,,4.690162332947428,2345.2401501501504
54,,,,,,,,4.6945012243763005,2386.5734234234233
55,,,,,,,,4.698892240327636,2427.9066966966966
56,,,,,,,,4.703334644558903,2469.23996996997
57,,,,,,,,4.7078277045995,2510.5732432432433
58,,,,,,,,4.712370691743016,2551.9065165165166
59,,,,,,,,4.716962881039495,2593.23978978979
60,,,,,,,,4.721603551287705,2634.5730630630633
61,,,,,,,,4.7262919850273954,2675.906336336336
62,,,,,,,,4.731027468531564,2717.2396096096095
63,,,,,,,,4.735809291798721,2758.572882882883
64,,,,,,,,4.740636748545154,2799.906156156156
65,,,,,,,,4.74550913619719,2841.2394294294295
66,,,,,,,,4.7504257558834615,2882.572702702703
67,,,,,,,,4.755385912427168,2923.905975975976
68,,,,,,,,4.7603889143383435,2965.239249249249
69,,,,,,,,4.765434073806118,3006.5725225225224
70,,,,,,,,4.770520706690982,3047.9057957957957
71,,,,,,,,4.77564813251705,3089.239069069069
72,,,,,,,,4.7808156744643275,3130.5723423423424
73,,,,,,,,4.786022659360971,3171.9056156156157
74,,,,,,,,4.791268417675555,3213.238888888889
75,,,,,,,,4.796552283509336,3254.572162162162
76,,,,,,,,4.801873594588513,3295.9054354354353
77,,,,,,,,4.807231692256496,3337.2387087087086
78,,,,,,,,4.812625921466169,3378.571981981982
79,,,,,,,,4.81805563077215,3419.9052552552553
80,,,,,,,,4.823520172323063,3461.2385285285286
81,,,,,,,,4.829018901853793,3502.571801801802
82,,,,,,,,4.834551178677756,3543.905075075075
83,,,,,,,,4.840116365679165,3585.238348348348
84,,,,,,,,4.845713829305286,3626.5716216216215
85,,,,,,,,4.851342939558707,3667.904894894895
86,,,,,,,,4.857003069989605,3709.238168168168
87,,,,,,,,4.862693597688002,3750.5714414414415
88,,,,,,,,4.86841390327604,3791.904714714715
89,,,,,,,,4.874163370900233,3833.2379879879877
90,,,,,,,,4.879941388223742,3874.571261261261
91,,,,,,,,4.885747346418627,3915.9045345345344
92,,,,,,,,4.891580640158128,3957.2378078078077
93,,,,,,,,4.897440667608909,3998.571081081081
94,,,,,,,,4.90332683042334,4039.9043543543544
95,,,,,,,,4.909238533731749,4081.2376276276277
96,,,,,,,,4.91517518613469,4122.570900900901
97,,,,,,,,4.921136199695211,4163.904174174174
98,,,,,,,,4.927120989931112,4205.237447447447
99,,,,,,,,4.93312897580721,4246.570720720721
100,,,,,,,,4.939159579727609,4287.903993993994
101,,,,,,,,4.945212227527954,4329.237267267267
102,,,,,,,,4.951286348467706,4370.570540540541
103,,,,,,,,4.957381375222397,4411.903813813814
104,,,,,,,,4.9634967438759,4453.237087087087
105,,,,,,,,4.969631893912689,4494.570360360361
106,,,,,,,,4.975786268210106,4535.903633633634
107,,,,,,,,4.981959313030624,4577.236906906906
108,,,,,,,,4.988150478014113,4618.57018018018
109,,,,,,,,4.994359216170096,4659.903453453453
110,,,,,,,,5.000584983870026,4701.236726726726
111,,,,,,,,5.00682724083954,4742.57
112,,,,,,,,5.013085450150725,4783.903273273273
113,,,,,,,,5.0193590782143875,4825.236546546546
114,,,,,,,,5.025647594772308,4866.56981981982
115,,,,,,,,5.031950472889516,4907.903093093093
116,,,,,,,,5.038267188946544,4949.236366366366
117,,,,,,,,5.044597222631698,4990.56963963964
118,,,,,,,,5.050940056933321,5031.902912912913
119,,,,,,,,5.057295178132053,5073.236186186186
120,,,,,,,,5.063662075793099,5114.56945945946
121,,,,,,,,5.070040242758491,5155.902732732732
122,,,,,,,,5.0764291751393555,5197.2360060060055
123,,,,,,,,5.082828372308172,5238.569279279279
124,,,,,,,,5.089237336891041,5279.902552552552
125,,,,,,,,5.095655574759947,5321.2358258258255
126,,,,,,,,5.102082595025022,5362.569099099099
127,,,,,,,,5.108517910026813,5403.902372372372
128,,,,,,,,5.114961035328539,5445.2356456456455
129,,,,,,,,5.121411489708363,5486.568918918919
130,,,,,,,,5.12786879515165,5527.902192192192
131,,,,,,,,5.134332476843233,5569.2354654654655
132,,,,,,,,5.140802063159681,5610.568738738739
133,,,,,,,,5.147277085661554,5651.902012012012
134,,,,,,,,5.153757079085679,5693.2352852852855
135,,,,,,,,5.160241581337402,5734.568558558559
136,,,,,,,,5.1667301334828615,5775.901831831831
137,,,,,,,,5.173222279741246,5817.235105105105
138,,,,,,,,5.179717567477064,5858.568378378378
139,,,,,,,,5.186215547192401,5899.901651651651
140,,,,,,,,5.192715772519191,5941.234924924925
141,,,,,,,,5.199217800211474,5982.568198198198
142,,,,,,,,5.205721190137666,6023.901471471471
143,,,,,,,,5.212225505272818,6065.234744744745
144,,,,,,,,5.218730311690884,6106.568018018018
145,,,,,,,,5.2252351785569795,6147.901291291291
146,,,,,,,,5.231739678119654,6189.234564564565
147,,,,,,,,5.238243385703148,6230.567837837838
148,,,,,,,,5.244745879699659,6271.901111111111
149,,,,,,,,5.251246741561608,6313.234384384385
150,,,,,,,,5.257745555793898,6354.567657657657
151,,,,,,,,5.264241909946185,6395.90093093093
152,,,,,,,,5.270735394605138,6437.234204204204
153,,,,,,,,5.277225603386704,6478.567477477477
154,,,,,,,,5.283712132928368,6519.90075075075
155,,,,,,,,5.290194582881426,6561.234024024024
156,,,,,,,,5.296672555903241,6602.567297297297
157,,,,,,,,5.3031456576495115,6643.90057057057
158,,,,,,,,5.3096134967665325,6685.233843843844
159,,,,,,,,5.316075684883462,6726.567117117117
160,,,,,,,,5.322531836604583,6767.90039039039
161,,,,,,,,5.32898156950157,6809.233663663664
162,,,,,,,,5.335424504105752,6850.566936936937
163,,,,,,,,5.341860263900377,6891.90021021021
164,,,,,,,,5.348288475312871,6933.233483483483
165,,,,,,,,5.354708767707111,6974.566756756756
166,,,,,,,,5.361120773375683,7015.9000300300295
167,,,,,,,,5.367524127532148,7057.233303303303
168,,,,,,,,5.373918468303303,7098.566576576576
169,,,,,,,,5.380303436721453,7139.8998498498495
170,,,,,,,,5.386678676716666,7181.233123123123
171,,,,,,,,5.393043835109039,7222.566396396396
172,,,,,,,,5.399398561600968,7263.8996696696695
173,,,,,,,,5.405742508769405,7305.232942942943
174,,,,,,,,5.412075332058128,7346.566216216216
175,,,,,,,,5.41839668977,7387.8994894894895
176,,,,,,,,5.424706243059233,7429.232762762763
177,,,,,,,,5.431003655923657,7470.566036036036
178,,,,,,,,5.437288595196983,7511.899309309309
179,,,,,,,,5.44356073054106,7553.232582582582
180,,,,,,,,5.449819734438149,7594.565855855855
181,,,,,,,,5.4560652821831805,7635.899129129129
182,,,,,,,,5.46229705187602,7677.232402402402
183,,,,,,,,5.468514724413733,7718.565675675675
184,,,,,,,,5.474717983482849,7759.898948948949
185,,,,,,,,5.4809065155516254,7801.232222222222
186,,,,,,,,5.487080009862309,7842.565495495495
187,,,,,,,,5.493238158423406,7883.898768768769
188,,,,,,,,5.4993806560019385,7925.232042042042
189,,,,,,,,5.505507200115716,7966.565315315315
190,,,,,,,,5.511617491025593,8007.898588588589
191,,,,,,,,5.517711231727738,8049.231861861862
192,,,,,,,,5.523788127945895,8090.565135135134
193,,,,,,,,5.529847888123649,8131.898408408408
194,,,,,,,,5.535890223416686,8173.231681681681
195,,,,,,,,5.541914847685064,8214.564954954954
196,,,,,,,,5.54792147748547,8255.898228228227
197,,,,,,,,5.553909832063491,8297.231501501501
198,,,,,,,,5.559879633345872,8338.564774774773
199,,,,,,,,5.565830605932782,8379.898048048048
200,,,,,,,,5.57176247709008,8421.23132132132
201,,,,,,,,5.577674976741577,8462.564594594593
202,,,,,,,,5.583567837461302,8503.897867867867
203,,,,,,,,5.5894407944657605,8545.23114114114
204,,,,,,,,5.595293585606207,8586.564414414413
205,,,,,,,,5.601125951360904,8627.897687687686
206,,,,,,,,5.6069376348273865,8669.23096096096
207,,,,,,,,5.612728381714725,8710.564234234233
208,,,,,,,,5.618497940335795,8751.897507507507
209,,,,,,,,5.62424606159953,8793.23078078078
210,,,,,,,,5.6299724990032,8834.564054054053
211,,,,,,,,5.635677008624666,8875.897327327326
212,,,,,,,,5.6413593491146425,8917.2306006006
213,,,,,,,,5.647019281688971,8958.563873873873
214,,,,,,,,5.652656570120874,8999.897147147145
215,,,,,,,,5.658270980733225,9041.23042042042
216,,,,,,,,5.663862282390813,9082.563693693692
217,,,,,,,,5.6694302464926,9123.896966966966
218,,,,,,,,5.674974646963992,9165.230240240238
219,,,,,,,,5.680495260249104,9206.563513513513
220,,,,,,,,5.685991865303015,9247.896786786785
221,,,,,,,,5.69146424358404,9289.23006006006
222,,,,,,,,5.696912179045993,9330.563333333332
223,,,,,,,,5.70233545813045,9371.896606606606
224,,,,,,,,5.70773386975901,9413.229879879878
225,,,,,,,,5.713107205325566,9454.563153153153
226,,,,,,,,5.718455258688563,9495.896426426425
227,,,,,,,,5.7237778261632615,9537.2296996997
228,,,,,,,,5.72907470651401,9578.562972972972
229,,,,,,,,5.734345700946498,9619.896246246244
230,,,,,,,,5.73959061310003,9661.229519519518
231,,,,,,,,5.744809249039781,9702.56279279279
232,,,,,,,,5.7500014172490665,9743.896066066065
233,,,,,,,,5.755166928621604,9785.229339339337
234,,,,,,,,5.760305596453775,9826.562612612612
235,,,,,,,,5.765417236436897,9867.895885885884
236,,,,,,,,5.770501666649477,9909.229159159158
237,,,,,,,,5.775558707549486,9950.56243243243
238,,,,,,,,5.7805881819666105,9991.895705705705
239,,,,,,,,5.785589915094533,10033.228978978977
240,,,,,,,,5.790563734483179,10074.562252252252
241,,,,,,,,5.79550947003099,10115.895525525524
242,,,,,,,,5.800426953977193,10157.228798798797
243,,,,,,,,5.805316020894051,10198.56207207207
244,,,,,,,,5.810176507679138,10239.895345345343
245,,,,,,,,5.815008253547598,10281.228618618617
246,,,,,,,,5.819811100024408,10322.56189189189
247,,,,,,,,5.82458489093665,10363.895165165164
248,,,,,,,,5.829329472405764,10405.228438438437
249,,,,,,,,5.83404469283982,10446.56171171171
250,,,,,,,,5.838730402925778,10487.894984984983
251,,,,,,,,5.843386455621756,10529.228258258257
252,,,,,,,,5.84801270614929,10570.56153153153
253,,,,,,,,5.852609011985599,10611.894804804804
254,,,,,,,,5.857175232855852,10653.228078078077
255,,,,,,,,5.861711230725427,10694.56135135135
256,,,,,,,,5.866216869792179,10735.894624624623
257,,,,,,,,5.8706920164787055,10777.227897897896
258,,,,,,,,5.875136539424604,10818.56117117117
259,,,,,,,,5.879550309478743,10859.894444444442
260,,,,,,,,5.88393319969152,10901.227717717717
261,,,,,,,,5.888285085307134,10942.560990990989
262,,,,,,,,5.892605843755836,10983.894264264263
263,,,,,,,,5.896895354646209,11025.227537537536
264,,,,,,,,5.901153499757423,11066.56081081081
265,,,,,,,,5.905380163031495,11107.894084084082
266,,,,,,,,5.909575230565566,11149.227357357357
267,,,,,,,,5.913738590604152,11190.560630630629
268,,,,,,,,5.917870133531415,11231.893903903903
269,,,,,,,,5.921969751863427,11273.227177177176
270,,,,,,,,5.926037340240432,11314.56045045045
271,,,,,,,,5.930072795419111,11355.893723723722
272,,,,,,,,5.934076016264843,11397.226996996995
273,,,,,,,,5.938046903743977,11438.560270270269
274,,,,,,,,5.941985360916087,11479.893543543541
275,,,,,,,,5.945891292926242,11521.226816816816
276,,,,,,,,5.949764606997266,11562.560090090088
277,,,,,,,,5.953605212422007,11603.893363363362
278,,,,,,,,5.957413020555595,11645.226636636635
279,,,,,,,,5.961187944807713,11686.559909909909
280,,,,,,,,5.9649299006348535,11727.893183183181
281,,,,,,,,5.9686388055325885,11769.226456456456
282,,,,,,,,5.972314579027831,11810.559729729728
283,,,,,,,,5.975957142671101,11851.893003003002
284,,,,,,,,5.9795664200287835,11893.226276276275
285,,,,,,,,5.983142336675401,11934.559549549547
286,,,,,,,,5.986684820185874,11975.892822822821
287,,,,,,,,5.990193800127784,12017.226096096094
288,,,,,,,,5.993669208053636,12058.559369369368
289,,,,,,,,5.9971109774931275,12099.89264264264
290,,,,,,,,6.00051904394541,12141.225915915915
291,,,,,,,,6.00389334487135,12182.559189189187
292,,,,,,,,6.007233819685799,12223.892462462461
293,,,,,,,,6.010540409749854,12265.225735735734
294,,,,,,,,6.013813058363121,12306.559009009008
295,,,,,,,,6.017051710755982,12347.89228228228
296,,,,,,,,6.0202563140818555,12389.225555555555
297,,,,,,,,6.023426817409462,12430.558828828827
298,,,,,,,,6.026563171715092,12471.892102102101
299,,,,,,,,6.029665329874861,12513.225375375374
300,,,,,,,,6.032733246656985,12554.558648648646
301,,,,,,,,6.035766878714033,12595.89192192192
302,,,,,,,,6.038766184575199,12637.225195195193
303,,,,,,,,6.0417311246385665,12678.558468468467
304,,,,,,,,6.044661661163362,12719.89174174174
305,,,,,,,,6.047557758262236,12761.225015015014
306,,,,,,,,6.050419381893514,12802.558288288286
307,,,,,,,,6.0532464998534605,12843.89156156156
308,,,,,,,,6.056039081768553,12885.224834834833
309,,,,,,,,6.058797099087737,12926.558108108107
310,,,,,,,,6.061520525074695,12967.89138138138
311,,,,,,,,6.064209334800104,13009.224654654654
312,,,,,,,,6.06686350513391,13050.557927927926
313,,,,,,,,6.069483014737583,13091.891201201199
314,,,,,,,,6.072067844056386,13133.224474474473
315,,,,,,,,6.074617975311637,13174.557747747745
316,,,,,,,,6.077133392492971,13215.89102102102
317,,,,,,,,6.079614081350609,13257.224294294292
318,,,,,,,,6.082060029387621,13298.557567567566
319,,,,,,,,6.084471225852186,13339.890840840839
320,,,,,,,,6.086847661729857,13381.224114114113
321,,,,,,,,6.089189329735831,13422.557387387385
322,,,,,,,,6.091496224307208,13463.89066066066
323,,,,,,,,6.093768341595254,13505.223933933932
324,,,,,,,,6.096005679457667,13546.557207207206
325,,,,,,,,6.0982082374508435,13587.890480480479
326,,,,,,,,6.100376016822137,13629.223753753753
327,,,,,,,,6.102509020502127,13670.557027027025
328,,,,,,,,6.104607253096879,13711.890300300298
329,,,,,,,,6.106670720880215,13753.223573573572
330,,,,,,,,6.10869943178597,13794.556846846845
331,,,,,,,,6.11069339540026,13835.890120120119
332,,,,,,,,6.112652622953744,13877.223393393391
333,,,,,,,,6.114577127313892,13918.556666666665
334,,,,,,,,6.116466922977245,13959.889939939938
335,,,,,,,,6.118322026061682,14001.223213213212
336,,,,,,,,6.120142454298681,14042.556486486485
337,,,,,,,,6.121928227025586,14083.889759759759
338,,,,,,,,6.123679365177868,14125.223033033031
339,,,,,,,,6.125395891281394,14166.556306306305
340,,,,,,,,6.127077829444681,14207.889579579578
341,,,,,,,,6.128725205351179,14249.222852852852
342,,,,,,,,6.130338046251511,14290.556126126125
343,,,,,,,,6.131916380955754,14331.889399399397
344,,,,,,,,6.1334602398257,14373.222672672671
345,,,,,,,,6.134969654767116,14414.555945945944
346,,,,,,,,6.136444659222009,14455.889219219218
347,,,,,,,,6.137885288160895,14497.22249249249
348,,,,,,,,6.1392915780750545,14538.555765765765
349,,,,,,,,6.140663566968806,14579.889039039037
350,,,,,,,,6.142001294351763,14621.222312312311
351,,,,,,,,6.143304801231102,14662.555585585584
352,,,,,,,,6.1445741301038215,14703.888858858858
353,,,,,,,,6.145809324949015,14745.22213213213
354,,,,,,,,6.147010431220126,14786.555405405405
355,,,,,,,,6.148177495837217,14827.888678678677
356,,,,,,,,6.149310567179233,14869.22195195195
357,,,,,,,,6.150409695076263,14910.555225225224
358,,,,,,,,6.151474930801811,14951.888498498496
359,,,,,,,,6.152506327065044,14993.22177177177
360,,,,,,,,6.15350393800308,15034.555045045043
361,,,,,,,,6.154467819173233,15075.888318318317
362,,,,,,,,6.155398027545279,15117.22159159159
363,,,,,,,,6.156294621493734,15158.554864864864
364,,,,,,,,6.157157660790098,15199.888138138136
365,,,,,,,,6.157987206595144,15241.22141141141
366,,,,,,,,6.158783321451147,15282.554684684683
367,,,,,,,,6.159546069274185,15323.887957957957
368,,,,,,,,6.160275515346381,15365.22123123123
369,,,,,,,,6.160971726308171,15406.554504504504
370,,,,,,,,6.161634770150572,15447.887777777776
371,,,,,,,,6.162264716207446,15489.221051051049
372,,,,,,,,6.162861635147753,15530.554324324323
373,,,,,,,,6.163425598967834,15571.887597597595
374,,,,,,,,6.163956680983661,15613.22087087087
375,,,,,,,,6.164454955823105,15654.554144144142
376,,,,,,,,6.164920499418194,15695.887417417416
377,,,,,,,,6.165353388997397,15737.220690690689
378,,,,,,,,6.165753703077858,15778.553963963963
379,,,,,,,,6.16612152145769,15819.887237237235
380,,,,,,,,6.166456925208218,15861.22051051051
381,,,,,,,,6.166759996666252,15902.553783783782
382,,,,,,,,6.167030819426348,15943.887057057056
383,,,,,,,,6.167269478333074,15985.220330330329
384,,,,,,,,6.167476059473277,16026.553603603601
385,,,,,,,,6.16765065016834,16067.886876876875
386,,,,,,,,6.167793338966449,16109.220150150148
387,,,,,,,,6.167904215634859,16150.553423423422
388,,,,,,,,6.1679833711521574,16191.886696696694
389,,,,,,,,6.168030897700528,16233.219969969969
390,,,,,,,,6.1680468886580115,16274.553243243241
391,,,,,,,,6.168031438590777,16315.886516516515
392,,,,,,,,6.1679846432453775,16357.219789789788
393,,,,,,,,6.167906599541016,16398.553063063064
394,,,,,,,,6.1677974055618225,16439.886336336334
395,,,,,,,,6.167657160549096,16481.21960960961
396,,,,,,,,6.167485964893583,16522.552882882883
397,,,,,,,,6.167283920127737,16563.886156156157
398,,,,,,,,6.167051128917986,16605.21942942943
399,,,,,,,,6.1667876950570015,16646.552702702702
400,,,,,,,,6.166493723455941,16687.885975975976
401,,,,,,,,6.166169320136735,16729.21924924925
402,,,,,,,,6.16581459222434,16770.55252252252
403,,,,,,,,6.165429647939009,16811.885795795795
404,,,,,,,,6.1650145965885494,16853.21906906907
405,,,,,,,,6.1645695485605865,16894.552342342344
406,,,,,,,,6.164094615314835,16935.885615615614
407,,,,,,,,6.163589909375355,16977.21888888889
408,,,,,,,,6.1630555443228205,17018.552162162163
409,,,,,,,,6.1624916347867895,17059.885435435437
410,,,,,,,,6.161898296437945,17101.218708708708
411,,,,,,,,6.161275645980391,17142.551981981982
412,,,,,,,,6.160623801143891,17183.885255255256
413,,,,,,,,6.159942880676149,17225.218528528527
414,,,,,,,,6.15923300433506,17266.5518018018
415,,,,,,,,6.158494292880983,17307.885075075075
416,,,,,,,,6.157726868069003,17349.21834834835
417,,,,,,,,6.156930852641191,17390.55162162162
418,,,,,,,,6.156106370318877,17431.884894894894
419,,,,,,,,6.155253545794909,17473.21816816817
420,,,,,,,,6.1543725047259095,17514.551441441443
421,,,,,,,,6.153463373724552,17555.884714714713
422,,,,,,,,6.152526280351816,17597.217987987988
423,,,,,,,,6.151561353109261,17638.551261261262
424,,,,,,,,6.15056872143128,17679.884534534536
425,,,,,,,,6.1495485156773695,17721.217807807807
426,,,,,,,,6.14850086712439,17762.55108108108
427,,,,,,,,6.14742590795883,17803.884354354355
428,,,,,,,,6.146323771269085,17845.217627627626
429,,,,,,,,6.145194591037694,17886.5509009009
430,,,,,,,,6.14403850213362,17927.884174174174
431,,,,,,,,6.1428556403045205,17969.21744744745
432,,,,,,,,6.141646142168998,18010.55072072072
433,,,,,,,,6.14041014520887,18051.883993993993
434,,,,,,,,6.139147787761434,18093.217267267268
435,,,,,,,,6.137859209011727,18134.550540540542
436,,,,,,,,6.136544548984796,18175.883813813813
437,,,,,,,,6.135203948537952,18217.217087087087
438,,,,,,,,6.1338375493530535,18258.55036036036
439,,,,,,,,6.132445493928746,18299.883633633635
440,,,,,,,,6.131027925572744,18341.216906906906
441,,,,,,,,6.129584988394083,18382.55018018018
442,,,,,,,,6.1281168272954,18423.883453453454
443,,,,,,,,6.126623587965175,18465.216726726725
444,,,,,,,,6.1251054168700145,18506.55
445,,,,,,,,6.123562461246905,18547.883273273274
446,,,,,,,,6.1219948690954835,18589.216546546548
447,,,,,,,,6.120402789170293,18630.54981981982
448,,,,,,,,6.11878637097306,18671.883093093093
449,,,,,,,,6.117145764744944,18713.216366366367
450,,,,,,,,6.1154811214588065,18754.54963963964
451,,,,,,,,6.11379259281148,18795.88291291291
452,,,,,,,,6.112080331216031,18837.216186186186
453,,,,,,,,6.110344489794018,18878.54945945946
454,,,,,,,,6.1085852223677595,18919.882732732734
455,,,,,,,,6.106802683452594,18961.216006006005
456,,,,,,,,6.104997028249158,19002.54927927928
457,,,,,,,,6.103168412635631,19043.882552552554
458,,,,,,,,6.101316993160012,19085.215825825824
459,,,,,,,,6.099442927032374,19126.5490990991
460,,,,,,,,6.097546372117151,19167.882372372373
461,,,,,,,,6.095627486925368,19209.215645645647
462,,,,,,,,6.093686430606924,19250.548918918917
463,,,,,,,,6.091723362942861,19291.88219219219
464,,,,,,,,6.089738444337617,19333.215465465466
465,,,,,,,,6.087731835811293,19374.54873873874
466,,,,,,,,6.085703698991931,19415.88201201201
467,,,,,,,,6.083654196107741,19457.215285285285
468,,,,,,,,6.081583489979414,19498.54855855856
469,,,,,,,,6.0794917440123495,19539.881831831834
470,,,,,,,,6.077379122188936,19581.215105105104
471,,,,,,,,6.075245789060802,19622.54837837838
472,,,,,,,,6.073091909741104,19663.881651651653
473,,,,,,,,6.070917649896756,19705.214924924923
474,,,,,,,,6.06872317574073,19746.548198198197
475,,,,,,,,6.066508654024293,19787.88147147147
476,,,,,,,,6.06427425202929,19829.214744744746
477,,,,,,,,6.062020137560393,19870.548018018017
478,,,,,,,,6.059746478937362,19911.88129129129
479,,,,,,,,6.057453444987338,19953.214564564565
480,,,,,,,,6.055141205037074,19994.54783783784
481,,,,,,,,6.052809928905214,20035.88111111111
482,,,,,,,,6.050459786894558,20077.214384384384
483,,,,,,,,6.0480909497843225,20118.54765765766
484,,,,,,,,6.0457035888224055,20159.88093093093
485,,,,,,,,6.043297875717647,20201.214204204203
486,,,,,,,,6.040873982632101,20242.547477477478
487,,,,,,,,6.038432082173296,20283.88075075075
488,,,,,,,,6.035972347386494,20325.214024024022
489,,,,,,,,6.033494951746963,20366.547297297297
490,,,,,,,,6.031000069152238,20407.88057057057
491,,,,,,,,6.02848787391437,20449.213843843845
492,,,,,,,,6.025958540752228,20490.547117117116
493,,,,,,,,6.023412244783717,20531.88039039039
494,,,,,,,,6.020849161518074,20573.213663663664
495,,,,,,,,6.018269466848125,20614.54693693694
496,,,,,,,,6.015673337042539,20655.88021021021
497,,,,,,,,6.013060948738099,20697.213483483483
498,,,,,,,,6.010432478931973,20738.546756756758
499,,,,,,,,6.007788104973976,20779.880030030028
500,,,,,,,,6.005128004558811,20821.213303303302
501,,,,,,,,6.002452355718363,20862.546576576577
502,,,,,,,,5.9997613368139575,20903.87984984985
503,,,,,,,,5.9970551265286005,20945.21312312312
504,,,,,,,,5.994333903859291,20986.546396396396
505,,,,,,,,5.991597848109215,21027.87966966967
506,,,,,,,,5.988847138880084,21069.212942942944
507,,,,,,,,5.986081956064341,21110.546216216215
508,,,,,,,,5.983302479837466,21151.87948948949
509,,,,,,,,5.980508890650205,21193.212762762763
510,,,,,,,,5.977701369220867,21234.546036036038
511,,,,,,,,5.974880096527565,21275.879309309308
512,,,,,,,,5.972045253800475,21317.212582582582
513,,,,,,,,5.969197022514136,21358.545855855857
514,,,,,,,,5.966335584379673,21399.879129129127
515,,,,,,,,5.963461121337087,21441.2124024024
516,,,,,,,,5.960573815547503,21482.545675675676
517,,,,,,,,5.9576738493854435,21523.87894894895
518,,,,,,,,5.954761405431098,21565.21222222222
519,,,,,,,,5.951836666462571,21606.545495495495
520,,,,,,,,5.948899815448158,21647.87876876877
521,,,,,,,,5.945951035538611,21689.212042042043
522,,,,,,,,5.94299051005938,21730.545315315314
523,,,,,,,,5.940018422502924,21771.878588588588
524,,,,,,,,5.937034956520915,21813.211861861862
525,,,,,,,,5.934040295916553,21854.545135135137
526,,,,,,,,5.9310346246367995,21895.878408408407
527,,,,,,,,5.928018126764666,21937.21168168168
528,,,,,,,,5.924990986511448,21978.544954954956
529,,,,,,,,5.921953388209015,22019.878228228226
530,,,,,,,,5.918905516302063,22061.2115015015
531,,,,,,,,5.915847555340376,22102.544774774775
532,,,,,,,,5.912779689971096,22143.87804804805
533,,,,,,,,5.909702104930995,22185.21132132132
534,,,,,,,,5.906614985038713,22226.544594594594
535,,,,,,,,5.903518515187045,22267.87786786787
536,,,,,,,,5.9004128803352085,22309.211141141142
537,,,,,,,,5.897298265501087,22350.544414414413
538,,,,,,,,5.894174855753507,22391.877687687687
539,,,,,,,,5.891042836204502,22433.21096096096
540,,,,,,,,5.887902392001569,22474.544234234236
541,,,,,,,,5.884753708319941,22515.877507507506
542,,,,,,,,5.881596970354856,22557.21078078078
543,,,,,,,,5.878432363313793,22598.544054054055
544,,,,,,,,5.87526007240878,22639.877327327325
545,,,,,,,,5.872080282848611,22681.2106006006
546,,,,,,,,5.868893179831154,22722.543873873874
547,,,,,,,,5.865698948535584,22763.87714714715
548,,,,,,,,5.862497774114656,22805.21042042042
549,,,,,,,,5.859289841686973,22846.543693693693
550,,,,,,,,5.856075336329253,22887.876966966967
551,,,,,,,,5.852854443068571,22929.21024024024
552,,,,,,,,5.849627346874657,22970.543513513512
553,,,,,,,,5.846394232652134,23011.876786786786
554,,,,,,,,5.843155285232795,23053.21006006006
555,,,,,,,,5.839910689367853,23094.54333333333
556,,,,,,,,5.83666062972023,23135.876606606605
557,,,,,,,,5.8334052908567955,23177.20987987988
558,,,,,,,,5.830144857240644,23218.543153153154
559,,,,,,,,5.82687951322335,23259.876426426425
560,,,,,,,,5.823609443037249,23301.2096996997
561,,,,,,,,5.820334830787685,23342.542972972973
562,,,,,,,,5.817055860445274,23383.876246246247
563,,,,,,,,5.813772715838187,23425.209519519518
564,,,,,,,,5.810485580644395,23466.542792792792
565,,,,,,,,5.807194638383928,23507.876066066066
566,,,,,,,,5.803900072411171,23549.20933933934
567,,,,,,,,5.800602065907096,23590.54261261261
568,,,,,,,,5.797300801871536,23631.875885885886
569,,,,,,,,5.793996463115461,23673.20915915916
570,,,,,,,,5.79068923225322,23714.54243243243
571,,,,,,,,5.787379291694823,23755.875705705705
572,,,,,,,,5.78406682363819,23797.20897897898
573,,,,,,,,5.780752010061434,23838.542252252253
574,,,,,,,,5.7774350327151165,23879.875525525524
575,,,,,,,,5.774116073114497,23921.208798798798
576,,,,,,,,5.770795312531822,23962.542072072072
577,,,,,,,,5.767472931988575,24003.875345345346
578,,,,,,,,5.764149112247738,24045.208618618617
579,,,,,,,,5.76082403380606,24086.54189189189
580,,,,,,,,5.757497876886337,24127.875165165166
581,,,,,,,,5.754170821429625,24169.20843843844
582,,,,,,,,5.7508430470875815,24210.54171171171
583,,,,,,,,5.747514733214658,24251.874984984985
584,,,,,,,,5.744186058860404,24293.20825825826
585,,,,,,,,5.74085720276172,24334.54153153153
586,,,,,,,,5.737528343335121,24375.874804804804
587,,,,,,,,5.734199658669006,24417.208078078078
588,,,,,,,,5.73087132651591,24458.541351351352
589,,,,,,,,5.72754352428478,24499.874624624623
590,,,,,,,,5.72421642903322,24541.207897897897
591,,,,,,,,5.720890217459811,24582.54117117117
592,,,,,,,,5.717565065896306,24623.874444444446
593,,,,,,,,5.714241150299902,24665.207717717716
594,,,,,,,,5.710918646245556,24706.54099099099
595,,,,,,,,5.707597728918213,24747.874264264265
596,,,,,,,,5.704278573105057,24789.20753753754
597,,,,,,,,5.700961353187807,24830.54081081081
598,,,,,,,,5.697646243134965,24871.874084084084
599,,,,,,,,5.694333416494075,24913.207357357358
600,,,,,,,,5.691023046383997,24954.54063063063
601,,,,,,,,5.687715305487167,24995.873903903903
602,,,,,,,,5.684410366041867,25037.207177177177
603,,,,,,,,5.681108399834468,25078.54045045045
604,,,,,,,,5.677809578191731,25119.873723723722
605,,,,,,,,5.674514071973036,25161.206996996996
606,,,,,,,,5.6712220515626655,25202.54027027027
607,,,,,,,,5.66793368686205,25243.873543543545
608,,,,,,,,5.664649147282066,25285.206816816815
609,,,,,,,,5.661368601735266,25326.54009009009
610,,,,,,,,5.658092218628138,25367.873363363364
611,,,,,,,,5.654820165853444,25409.206636636638
612,,,,,,,,5.65155261078236,25450.53990990991
613,,,,,,,,5.648289720256848,25491.873183183183
614,,,,,,,,5.645031660581868,25533.206456456457
615,,,,,,,,5.6417785975176535,25574.539729729728
616,,,,,,,,5.638530696271964,25615.873003003002
617,,,,,,,,5.6352881214923904,25657.206276276276
618,,,,,,,,5.6320510372585595,25698.53954954955
619,,,,,,,,5.6288196070744405,25739.87282282282
620,,,,,,,,5.625593993860598,25781.206096096095
621,,,,,,,,5.622374359946441,25822.53936936937
622,,,,,,,,5.6191608670625115,25863.872642642644
623,,,,,,,,5.615953676332751,25905.205915915914
624,,,,,,,,5.612752948266717,25946.53918918919
625,,,,,,,,5.609558842751902,25987.872462462463
626,,,,,,,,5.606371519045986,26029.205735735733
627,,,,,,,,5.603191135769077,26070.539009009008
628,,,,,,,,5.6000178508959735,26111.872282282282
629,,,,,,,,5.59685182174848,26153.205555555556
630,,,,,,,,5.593693204987606,26194.538828828827
631,,,,,,,,5.590542156605881,26235.8721021021
632,,,,,,,,5.587398831919572,26277.205375375375
633,,,,,,,,5.584263385560998,26318.53864864865
634,,,,,,,,5.581135971470761,26359.87192192192
635,,,,,,,,5.578016742889993,26401.205195195194
636,,,,,,,,5.574905852352682,26442.53846846847
637,,,,,,,,5.5718034516778765,26483.871741741743
638,,,,,,,,5.568709691961985,26525.205015015013
639,,,,,,,,5.565624723570998,26566.538288288288
640,,,,,,,,5.5625486961328185,26607.871561561562
641,,,,,,,,5.559481758529461,26649.204834834833
642,,,,,,,,5.5564240588893625,26690.538108108107
643,,,,,,,,5.553375744579608,26731.87138138138
644,,,,,,,,5.550336962198234,26773.204654654655
645,,,,,,,,5.547307857566452,26814.537927927926
646,,,,,,,,5.544288575720945,26855.8712012012
647,,,,,,,,5.541279260906123,26897.204474474474
648,,,,,,,,5.538280056566364,26938.53774774775
649,,,,,,,,5.53529110533831,26979.87102102102
650,,,,,,,,5.53231254904313,27021.204294294294
651,,,,,,,,5.529344528678756,27062.537567567568
652,,,,,,,,5.526387184412165,27103.870840840842
653,,,,,,,,5.5234406555716475,27145.204114114113
654,,,,,,,,5.520505080639062,27186.537387387387
655,,,,,,,,5.517580597242102,27227.87066066066
656,,,,,,,,5.514667342146563,27269.20393393393
657,,,,,,,,5.511765451248603,27310.537207207206
658,,,,,,,,5.508875059567011,27351.87048048048
659,,,,,,,,5.5059963012354665,27393.203753753754
660,,,,,,,,5.503129309494799,27434.537027027025
661,,,,,,,,5.500274216685263,27475.8703003003
662,,,,,,,,5.497431154238807,27517.203573573574
663,,,,,,,,5.4946002526713045,27558.536846846848
664,,,,,,,,5.491781641574864,27599.87012012012
665,,,,,,,,5.488975449610052,27641.203393393393
666,,,,,,,,5.4861818044981945,27682.536666666667
667,,,,,,,,5.483400833013601,27723.86993993994
668,,,,,,,,5.480632660975868,27765.20321321321
669,,,,,,,,5.477877413242119,27806.536486486486
670,,,,,,,,5.475135213699264,27847.86975975976
671,,,,,,,,5.472406185256293,27889.20303303303
672,,,,,,,,5.469690449836502,27930.536306306305
673,,,,,,,,5.466988128369778,27971.86957957958
674,,,,,,,,5.464299340784859,28013.202852852854
675,,,,,,,,5.461624206001638,28054.536126126124
676,,,,,,,,5.458962841923334,28095.8693993994
677,,,,,,,,5.456315365428832,28137.202672672673
678,,,,,,,,5.453681892364941,28178.535945945947
679,,,,,,,,5.451062537538611,28219.869219219217
680,,,,,,,,5.448457414709278,28261.20249249249
681,,,,,,,,5.445866636581037,28302.535765765766
682,,,,,,,,5.44329031479495,28343.86903903904
683,,,,,,,,5.4407285599213395,28385.20231231231
684,,,,,,,,5.438181481451984,28426.535585585585
685,,,,,,,,5.43564918779245,28467.86885885886
686,,,,,,,,5.433131786254307,28509.20213213213
687,,,,,,,,5.4306293830474175,28550.535405405404
688,,,,,,,,5.428142083272199,28591.86867867868
689,,,,,,,,5.425669990911864,28633.201951951953
690,,,,,,,,5.4232132088247305,28674.535225225223
691,,,,,,,,5.4207718387364245,28715.868498498498
692,,,,,,,,5.418345981232207,28757.20177177177
693,,,,,,,,5.415935735749208,28798.535045045046
694,,,,,,,,5.4135412005686625,28839.868318318317
695,,,,,,,,5.411162472808229,28881.20159159159
696,,,,,,,,5.40879964841422,28922.534864864865
697,,,,,,,,5.406452822153881,28963.868138138136
698,,,,,,,,5.404122087607647,29005.20141141141
699,,,,,,,,5.401807537161389,29046.534684684684
700,,,,,,,,5.399509261998727,29087.86795795796
701,,,,,,,,5.3972273520932355,29129.20123123123
702,,,,,,,,5.394961896200755,29170.534504504503
703,,,,,,,,5.3927129818516235,29211.867777777778
704,,,,,,,,5.390480695342955,29253.20105105105
705,,,,,,,,5.388265121730907,29294.534324324322
706,,,,,,,,5.386066344822954,29335.867597597597
707,,,,,,,,5.383884447170107,29377.20087087087
708,,,,,,,,5.3817195100592095,29418.534144144145
709,,,,,,,,5.379571613505252,29459.867417417416
710,,,,,,,,5.377440836243512,29501.20069069069
711,,,,,,,,5.375327255721938,29542.533963963964
712,,,,,,,,5.3732309480933615,29583.867237237235
713,,,,,,,,5.371151988207725,29625.20051051051
714,,,,,,,,5.369090449604439,29666.533783783783
715,,,,,,,,5.36704640450456,29707.867057057058
716,,,,,,,,5.3650199238031,29749.200330330328
717,,,,,,,,5.363011077061284,29790.533603603602
718,,,,,,,,5.361019932498788,29831.866876876877
719,,,,,,,,5.359046556986048,29873.20015015015
720,,,,,,,,5.357091016036474,29914.53342342342
721,,,,,,,,5.355153373798775,29955.866696696696
722,,,,,,,,5.353233693049159,29997.19996996997
723,,,,,,,,5.3513320351836136,30038.533243243244
724,,,,,,,,5.34944846021023,30079.866516516515
725,,,,,,,,5.347583026741365,30121.19978978979
726,,,,,,,,5.345735791985998,30162.533063063063
727,,,,,,,,5.343906811741956,30203.866336336334
728,,,,,,,,5.342096140388133,30245.199609609608
729,,,,,,,,5.340303830876866,30286.532882882882
730,,,,,,,,5.338529934726086,30327.866156156157
731,,,,,,,,5.336774502011647,30369.199429429427
732,,,,,,,,5.335037581359554,30410.5327027027
733,,,,,,,,5.333319219938243,30451.865975975976
734,,,,,,,,5.331619463450881,30493.19924924925
735,,,,,,,,5.329938356127574,30534.53252252252
736,,,,,,,,5.328275940717642,30575.865795795795
737,,,,,,,,5.32663225848189,30617.19906906907
738,,,,,,,,5.325007349184897,30658.532342342343
739,,,,,,,,5.3234012510872795,30699.865615615614
740,,,,,,,,5.321814000937874,30741.198888888888
741,,,,,,,,5.320245633966106,30782.532162162162
742,,,,,,,,5.318696183874199,30823.865435435433
743,,,,,,,,5.317165682829444,30865.198708708707
744,,,,,,,,5.315654161456461,30906.53198198198
745,,,,,,,,5.314161648829508,30947.865255255256
746,,,,,,,,5.31268817246465,30989.198528528526
747,,,,,,,,5.311233758312152,31030.5318018018
748,,,,,,,,5.309798430748604,31071.865075075075
749,,,,,,,,5.308382212569324,31113.19834834835
750,,,,,,,,5.306985124980454,31154.53162162162
751,,,,,,,,5.305607187591438,31195.864894894894
752,,,,,,,,5.304248418407038,31237.19816816817
753,,,,,,,,5.302908833819881,31278.531441441442
754,,,,,,,,5.3015884486024625,31319.864714714713
755,,,,,,,,5.3002872758995245,31361.197987987987
756,,,,,,,,5.299005327220367,31402.53126126126
757,,,,,,,,5.297742612431019,31443.864534534532
758,,,,,,,,5.296499139746576,31485.197807807806
759,,,,,,,,5.2952749157234,31526.53108108108
760,,,,,,,,5.294069945251426,31567.864354354355
761,,,,,,,,5.292884231546406,31609.197627627625
762,,,,,,,,5.29171777614221,31650.5309009009
763,,,,,,,,5.2905705788830595,31691.864174174174
764,,,,,,,,5.289442637915744,31733.19744744745
765,,,,,,,,5.288333949681981,31774.53072072072
766,,,,,,,,5.287244508910636,31815.863993993993
767,,,,,,,,5.286174308609983,31857.197267267267
768,,,,,,,,5.285123340059922,31898.530540540538
769,,,,,,,,5.284091592804355,31939.863813813812
770,,,,,,,,5.283079054643377,31981.197087087086
771,,,,,,,,5.282085711625488,32022.53036036036
772,,,,,,,,5.281111548040013,32063.86363363363
773,,,,,,,,5.280156546409206,32105.196906906905
774,,,,,,,,5.279220687480578,32146.53018018018
775,,,,,,,,5.278303950219222,32187.863453453454
776,,,,,,,,5.277406311799933,32229.196726726725
777,,,,,,,,5.276527747599641,32270.53
778,,,,,,,,5.275668231189517,32311.863273273273
779,,,,,,,,5.274827734327378,32353.196546546547
780,,,,,,,,5.274006226949847,32394.529819819818
781,,,,,,,,5.273203677164663,32435.863093093092
782,,,,,,,,5.2724200512429,32477.196366366366
783,,,,,,,,5.27165531361133,32518.529639639637
784,,,,,,,,5.2709094268446,32559.86291291291
785,,,,,,,,5.2701823516575,32601.196186186186
786,,,,,,,,5.269474046897255,32642.52945945946
787,,,,,,,,5.268784469535799,32683.86273273273
788,,,,,,,,5.268113574662035,32725.196006006005
789,,,,,,,,5.2674613154740335,32766.52927927928
790,,,,,,,,5.266827643271387,32807.86255255255
791,,,,,,,,5.266212507447424,32849.195825825824
792,,,,,,,,5.265615855481496,32890.5290990991
793,,,,,,,,5.265037632931207,32931.86237237237
794,,,,,,,,5.264477783424734,32973.19564564565
795,,,,,,,,5.263936248653028,33014.52891891892
796,,,,,,,,5.263412968362129,33055.862192192195
797,,,,,,,,5.2629078803453915,33097.19546546546
798,,,,,,,,5.26242092043579,33138.528738738736
799,,,,,,,,5.261952022498146,33179.86201201201
800,,,,,,,,5.261501118421368,33221.195285285285
801,,,,,,,,5.261068138110819,33262.52855855856
802,,,,,,,,5.260653009480489,33303.86183183183
803,,,,,,,,5.260255658445271,33345.19510510511
804,,,,,,,,5.259876008913242,33386.528378378374
805,,,,,,,,5.259513982777921,33427.86165165165
806,,,,,,,,5.259169499910602,33469.19492492492
807,,,,,,,,5.258842478152413,33510.5281981982
808,,,,,,,,5.258532833306841,33551.86147147147
809,,,,,,,,5.258240479131818,33593.194744744746
810,,,,,,,,5.257965327332091,33634.52801801802
811,,,,,,,,5.257707287551359,33675.86129129129
812,,,,,,,,5.2574662673646735,33717.19456456456
813,,,,,,,,5.257242172270633,33758.527837837835
814,,,,,,,,5.2570349056836285,33799.86111111111
815,,,,,,,,5.256844368926156,33841.194384384384
816,,,,,,,,5.256670461221081,33882.52765765766
817,,,,,,,,5.256513079683867,33923.86093093093
818,,,,,,,,5.256372119314857,33965.19420420421
819,,,,,,,,5.256247472991486,34006.52747747747
820,,,,,,,,5.25613903146068,34047.86075075075
821,,,,,,,,5.256046683330975,34089.19402402402
822,,,,,,,,5.255970315064868,34130.527297297296
823,,,,,,,,5.255909810971037,34171.86057057057
824,,,,,,,,5.25586505319664,34213.193843843845
825,,,,,,,,5.255835921719534,34254.52711711712
826,,,,,,,,5.255822294340586,34295.860390390386
827,,,,,,,,5.255824046675929,34337.19366366366
828,,,,,,,,5.255841052149176,34378.526936936934
829,,,,,,,,5.25587318198377,34419.86021021021
830,,,,,,,,5.255920305195136,34461.19348348348
831,,,,,,,,5.255982288583088,34502.52675675676
832,,,,,,,,5.2560589967239615,34543.86003003003
833,,,,,,,,5.256150291962921,34585.193303303306
834,,,,,,,,5.256256034406288,34626.52657657657
835,,,,,,,,5.256376081913675,34667.85984984985
836,,,,,,,,5.256510290090414,34709.19312312312
837,,,,,,,,5.256658512279667,34750.526396396395
838,,,,,,,,5.256820599554754,34791.85966966967
839,,,,,,,,5.256996400711461,34833.192942942944
840,,,,,,,,5.257185762260232,34874.52621621622
841,,,,,,,,5.257388528418463,34915.859489489485
842,,,,,,,,5.257604541102783,34957.19276276276
843,,,,,,,,5.257833639921234,34998.52603603603
844,,,,,,,,5.258075662165691,35039.85930930931
845,,,,,,,,5.258330442804013,35081.19258258258
846,,,,,,,,5.258597814472285,35122.525855855856
847,,,,,,,,5.258877607467159,35163.85912912913
848,,,,,,,,5.259169649738094,35205.192402402405
849,,,,,,,,5.259473766879591,35246.52567567567
850,,,,,,,,5.259789782123516,35287.858948948946
851,,,,,,,,5.26011751633126,35329.19222222222
852,,,,,,,,5.260456787986119,35370.525495495494
853,,,,,,,,5.260807413185535,35411.85876876877
854,,,,,,,,5.261169205633241,35453.19204204204
855,,,,,,,,5.261541976631708,35494.52531531532
856,,,,,,,,5.261925535074258,35535.858588588584
857,,,,,,,,5.262319687437472,35577.19186186186
858,,,,,,,,5.262724237773259,35618.52513513513
859,,,,,,,,5.263138987701314,35659.85840840841
860,,,,,,,,5.263563736401256,35701.19168168168
861,,,,,,,,5.263998280604955,35742.524954954955
862,,,,,,,,5.264442414588803,35783.85822822823
863,,,,,,,,5.264895930165867,35825.191501501504
864,,,,,,,,5.265358616678359,35866.52477477477
865,,,,,,,,5.265830260989677,35907.858048048045
866,,,,,,,,5.266310647476818,35949.19132132132
867,,,,,,,,5.266799558022587,35990.52459459459
868,,,,,,,,5.267296772007857,36031.85786786787
869,,,,,,,,5.267802066303904,36073.19114114114
870,,,,,,,,5.268315215264511,36114.524414414416
871,,,,,,,,5.268835990718419,36155.85768768768
872,,,,,,,,5.269364161961466,36197.19096096096
873,,,,,,,,5.269899495748906,36238.52423423423
874,,,,,,,,5.270441756287642,36279.857507507506
875,,,,,,,,5.270990705228545,36321.19078078078
876,,,,,,,,5.2715461016586325,36362.524054054054
877,,,,,,,,5.272107702093368,36403.85732732733
878,,,,,,,,5.272675260469004,36445.1906006006
879,,,,,,,,5.273248528134719,36486.52387387387
880,,,,,,,,5.27382725384496,36527.857147147144
881,,,,,,,,5.274411183751713,36569.19042042042
882,,,,,,,,5.2750000613967,36610.52369369369
883,,,,,,,,5.275593627703689,36651.85696696697
884,,,,,,,,5.276191620970753,36693.19024024024
885,,,,,,,,5.276793776862608,36734.523513513515
886,,,,,,,,5.277399828402682,36775.85678678678
887,,,,,,,,5.27800950596556,36817.19006006006
888,,,,,,,,5.278622537269232,36858.52333333333
889,,,,,,,,5.279238647367212,36899.856606606605
890,,,,,,,,5.27985755864103,36941.18987987988
891,,,,,,,,5.280478990792236,36982.52315315315
892,,,,,,,,5.281102660834936,37023.85642642643
893,,,,,,,,5.281728283087748,37065.1896996997
894,,,,,,,,5.282355569166416,37106.52297297297
895,,,,,,,,5.282984227975806,37147.85624624624
896,,,,,,,,5.283613965702219,37189.18951951952
897,,,,,,,,5.284244485805775,37230.52279279279
898,,,,,,,,5.284875489012553,37271.856066066066
899,,,,,,,,5.285506673306887,37313.18933933934
900,,,,,,,,5.286137733923656,37354.522612612614
901,,,,,,,,5.286768363340588,37395.85588588588
902,,,,,,,,5.2873982512703925,37437.189159159156
903,,,,,,,,5.288027084653098,37478.52243243243
904,,,,,,,,5.288654547648367,37519.855705705704
905,,,,,,,,5.289280321627718,37561.18897897898
906,,,,,,,,5.289904085166757,37602.52225225225
907,,,,,,,,5.290525514037444,37643.85552552553
908,,,,,,,,5.29114428120042,37685.1887987988
909,,,,,,,,5.291760056797219,37726.52207207207
910,,,,,,,,5.2923725081425665,37767.85534534534
911,,,,,,,,5.292981299716619,37809.18861861862
912,,,,,,,,5.293586093157192,37850.52189189189
913,,,,,,,,5.2941865472520995,37891.855165165165
914,,,,,,,,5.294782317931396,37933.18843843844
915,,,,,,,,5.29537305825956,37974.52171171171
916,,,,,,,,5.2959584184279045,38015.85498498498
917,,,,,,,,5.296538045746733,38057.188258258255
918,,,,,,,,5.297111584637623,38098.52153153153
919,,,,,,,,5.297678676625711,38139.8548048048
920,,,,,,,,5.298238960331918,38181.18807807808
921,,,,,,,,5.298792071465289,38222.52135135135
922,,,,,,,,5.299337642815164,38263.854624624626
923,,,,,,,,5.299875304243503,38305.1878978979
924,,,,,,,,5.300404682677129,38346.52117117117
925,,,,,,,,5.300925402100038,38387.85444444444
926,,,,,,,,5.30143708354554,38429.187717717716
927,,,,,,,,5.301939345088687,38470.52099099099
928,,,,,,,,5.302431801838399,38511.854264264264
929,,,,,,,,5.302914065929787,38553.18753753754
930,,,,,,,,5.303385746516501,38594.52081081081
931,,,,,,,,5.303846449762791,38635.85408408408
932,,,,,,,,5.304295778835925,38677.187357357354
933,,,,,,,,5.3047333338984295,38718.52063063063
934,,,,,,,,5.305158712100326,38759.8539039039
935,,,,,,,,5.305571507571447,38801.18717717718
936,,,,,,,,5.305971311413604,38842.52045045045
937,,,,,,,,5.306357711692971,38883.853723723725
938,,,,,,,,5.306730293432242,38925.186996997
939,,,,,,,,5.307088638602924,38966.520270270266
940,,,,,,,,5.30743232611761,39007.85354354354
941,,,,,,,,5.30776093182239,39049.186816816815
942,,,,,,,,5.30807402848875,39090.52009009009
943,,,,,,,,5.308371185806298,39131.85336336336
944,,,,,,,,5.3086519703745445,39173.18663663664
945,,,,,,,,5.308915945695649,39214.51990990991
946,,,,,,,,5.309162672166256,39255.85318318318
947,,,,,,,,5.3093917070700805,39297.18645645645
948,,,,,,,,5.309602604569978,39338.51972972973
949,,,,,,,,5.309794915700312,39379.853003003
950,,,,,,,,5.309968188359111,39421.186276276276
951,,,,,,,,5.310121967300493,39462.51954954955
952,,,,,,,,5.310255794126764,39503.852822822824
953,,,,,,,,5.310369207280846,39545.18609609609
954,,,,,,,,5.310461742038303,39586.519369369365
955,,,,,,,,5.3105329304998925,39627.85264264264
956,,,,,,,,5.3105823015836116,39669.185915915914
957,,,,,,,,5.310609381017091,39710.51918918919
958,,,,,,,,5.310613691329724,39751.85246246246
959,,,,,,,,5.310594751845134,39793.18573573574
960,,,,,,,,5.310552078673229,39834.51900900901
961,,,,,,,,5.310485184702589,39875.85228228228
962,,,,,,,,5.310393579592645,39917.18555555555
963,,,,,,,,5.310276769766052,39958.51882882883
964,,,,,,,,5.310134258400897,39999.8521021021
965,,,,,,,,5.309965545422987,40041.185375375375
966,,,,,,,,5.309770127497959,40082.51864864865
967,,,,,,,,5.309547498023765,40123.85192192192
968,,,,,,,,5.30929714712288,40165.18519519519
969,,,,,,,,5.309018561634506,40206.518468468465
970,,,,,,,,5.308711225106752,40247.85174174174
971,,,,,,,,5.308374617789145,40289.18501501501
972,,,,,,,,5.308008216624675,40330.51828828829
973,,,,,,,,5.307611495242202,40371.85156156156
974,,,,,,,,5.307183923948589,40413.184834834836
975,,,,,,,,5.306724969721092,40454.51810810811
976,,,,,,,,5.306234096199507,40495.85138138138
977,,,,,,,,5.305710763678565,40537.18465465465
978,,,,,,,,5.305154429100046,40578.517927927925
979,,,,,,,,5.30456454604516,40619.8512012012
980,,,,,,,,5.3039405647267905,40661.184474474474
981,,,,,,,,5.303281931981704,40702.51774774775
982,,,,,,,,5.302588091262894,40743.85102102102
983,,,,,,,,5.301858482631719,40785.18429429429
984,,,,,,,,5.301092542750357,40826.517567567564
985,,,,,,,,5.300289704873851,40867.85084084084
986,,,,,,,,5.299449398842643,40909.18411411411
987,,,,,,,,5.298571051074479,40950.51738738739
988,,,,,,,,5.297654084556985,40991.85066066066
989,,,,,,,,5.296697918839843,41033.183933933935
990,,,,,,,,5.295701970026958,41074.51720720721
991,,,,,,,,5.29466565076881,41115.850480480476
992,,,,,,,,5.293588370254785,41157.18375375375
993,,,,,,,,5.292469534205214,41198.517027027025
994,,,,,,,,5.291308544863927,41239.8503003003
995,,,,,,,,5.29010480099031,41281.18357357357
996,,,,,,,,5.288857697851544,41322.51684684685
997,,,,,,,,5.28756662721506,41363.85012012012
998,,,,,,,,5.286230977340711,41405.18339339339
999,,,,,,,,5.284850132972938,41446.51666666666
