,Unnamed: 0,LOCATION,TIME,Turkey_unemployment_rate,index,time_close,ETH_closing_price,yfit,xfit
0,0.0,TUR,2016-08-01,11.1,0.0,2016-10-31 00:00:00+00:00,9.9355,,
1,1.0,TUR,2016-09-01,11.6,1.0,2016-11-30 00:00:00+00:00,7.975550000000001,,
2,2.0,TUR,2016-10-01,11.5,2.0,2016-12-31 00:00:00+00:00,6.7098933333333335,,
3,3.0,TUR,2016-11-01,11.6,3.0,2017-01-31 00:00:00+00:00,8.442843333333334,,
4,4.0,TUR,2016-12-01,12.1,4.0,2017-02-28 00:00:00+00:00,10.676926666666667,,
5,5.0,TUR,2017-01-01,12.0,5.0,2017-03-31 00:00:00+00:00,29.256236666666666,,
6,6.0,TUR,2017-02-01,11.9,6.0,2017-04-30 00:00:00+00:00,43.29828666666666,,
7,7.0,TUR,2017-03-01,11.9,7.0,2017-05-31 00:00:00+00:00,91.30842333333334,,
8,8.0,TUR,2017-04-01,11.6,8.0,2017-06-30 00:00:00+00:00,234.96738,,
9,9.0,TUR,2017-05-01,11.1,9.0,2017-07-31 00:00:00+00:00,163.49625333333333,,
10,10.0,TUR,2017-06-01,11.0,10.0,2017-08-31 00:00:00+00:00,227.66631,,
11,11.0,TUR,2017-07-01,10.6,11.0,2017-09-30 00:00:00+00:00,207.005,,
12,12.0,TUR,2017-08-01,10.5,12.0,2017-10-31 00:00:00+00:00,222.31,,
13,13.0,TUR,2017-09-01,10.3,13.0,2017-11-30 00:00:00+00:00,230.16333333333333,,
14,14.0,TUR,2017-10-01,10.3,14.0,2017-12-31 00:00:00+00:00,386.3966666666667,,
15,15.0,TUR,2017-11-01,10.1,15.0,2018-01-31 00:00:00+00:00,662.9466666666667,,
16,16.0,TUR,2017-12-01,9.9,16.0,2018-02-28 00:00:00+00:00,545.8333333333334,,
17,17.0,TUR,2018-01-01,9.8,17.0,2018-03-31 00:00:00+00:00,460.3433333333333,,
18,18.0,TUR,2018-02-01,10.0,18.0,2018-04-30 00:00:00+00:00,360.1166666666666,,
19,19.0,TUR,2018-03-01,10.0,19.0,2018-05-31 00:00:00+00:00,507.7866666666667,,
20,20.0,TUR,2018-04-01,10.2,20.0,2018-06-30 00:00:00+00:00,392.6,,
21,21.0,TUR,2018-05-01,10.6,21.0,2018-07-31 00:00:00+00:00,346.5,,
22,22.0,TUR,2018-06-01,10.7,22.0,2018-08-31 00:00:00+00:00,254.245,,
23,23.0,TUR,2018-07-01,10.8,23.0,2018-09-30 00:00:00+00:00,166.27666666666667,,
24,24.0,TUR,2018-08-01,11.2,24.0,2018-10-31 00:00:00+00:00,161.92333333333337,,
25,25.0,TUR,2018-09-01,11.5,25.0,2018-11-30 00:00:00+00:00,122.71999999999998,,
26,26.0,TUR,2018-10-01,11.6,26.0,2018-12-31 00:00:00+00:00,87.06,,
27,27.0,TUR,2018-11-01,12.2,27.0,2019-01-31 00:00:00+00:00,98.96333333333332,,
28,28.0,TUR,2018-12-01,12.7,28.0,2019-02-28 00:00:00+00:00,94.64333333333332,,
29,29.0,TUR,2019-01-01,13.5,29.0,2019-03-31 00:00:00+00:00,106.64666666666666,,
30,30.0,TUR,2019-02-01,13.9,30.0,2019-04-30 00:00:00+00:00,130.43666666666667,,
31,31.0,TUR,2019-03-01,13.9,31.0,2019-05-31 00:00:00+00:00,176.73,,
32,32.0,TUR,2019-04-01,13.7,32.0,2019-06-30 00:00:00+00:00,215.48333333333332,,
33,33.0,TUR,2019-05-01,13.7,33.0,2019-07-31 00:00:00+00:00,194.21666666666667,,
34,34.0,TUR,2019-06-01,13.7,34.0,2019-08-31 00:00:00+00:00,164.23333333333338,,
35,35.0,TUR,2019-07-01,13.9,35.0,2019-09-30 00:00:00+00:00,143.96666666666667,,
36,36.0,TUR,2019-08-01,14.0,36.0,2019-10-31 00:00:00+00:00,142.31,,
37,37.0,TUR,2019-09-01,14.0,37.0,2019-11-30 00:00:00+00:00,132.51000000000002,,
38,38.0,TUR,2019-10-01,13.5,38.0,2019-12-31 00:00:00+00:00,105.66666666666669,,
39,39.0,TUR,2019-11-01,13.4,39.0,2020-01-31 00:00:00+00:00,112.54666666666668,,
40,40.0,TUR,2019-12-01,13.4,40.0,2020-02-29 00:00:00+00:00,184.6433333333333,,
41,41.0,TUR,2020-01-01,13.2,41.0,2020-03-31 00:00:00+00:00,134.61666666666667,,
42,42.0,TUR,2020-02-01,12.8,42.0,2020-04-30 00:00:00+00:00,130.20000000000002,,
43,43.0,TUR,2020-03-01,13.1,43.0,2020-05-31 00:00:00+00:00,165.96,,
44,44.0,TUR,2020-04-01,13.4,44.0,2020-06-30 00:00:00+00:00,188.9633333333333,,
45,45.0,TUR,2020-05-01,13.2,45.0,2020-07-31 00:00:00+00:00,208.805,,
46,46.0,TUR,2020-06-01,13.3,46.0,2020-08-31 00:00:00+00:00,313.6033333333333,,
47,47.0,TUR,2020-07-01,14.4,47.0,2020-09-30 00:00:00+00:00,283.5833333333333,,
48,48.0,TUR,2020-08-01,12.9,48.0,2020-10-31 00:00:00+00:00,291.2966666666667,,
49,49.0,TUR,2020-09-01,12.8,49.0,2020-11-30 00:00:00+00:00,370.77333333333337,,
50,50.0,TUR,2020-10-01,13.0,50.0,2020-12-31 00:00:00+00:00,481.10666666666674,,
51,51.0,TUR,2020-11-01,13.0,51.0,2021-01-31 00:00:00+00:00,908.4066666666665,,
52,52.0,TUR,2020-12-01,12.8,52.0,2021-02-28 00:00:00+00:00,1186.0933333333335,,
53,53.0,TUR,2021-01-01,12.7,53.0,2021-03-31 00:00:00+00:00,1279.45,,
54,54.0,TUR,2021-02-01,13.2,54.0,2021-04-30 00:00:00+00:00,1684.03,,
55,55.0,TUR,2021-03-01,13.0,55.0,2021-05-31 00:00:00+00:00,2251.036666666667,,
56,56.0,TUR,2021-04-01,13.4,56.0,2021-06-30 00:00:00+00:00,1643.5866666666668,,
57,57.0,TUR,2021-05-01,12.6,57.0,2021-07-31 00:00:00+00:00,1519.46,,
58,58.0,TUR,2021-06-01,10.6,58.0,2021-08-31 00:00:00+00:00,2253.7966666666666,,
59,59.0,TUR,2021-07-01,11.9,59.0,2021-09-30 00:00:00+00:00,2480.56,,
60,60.0,TUR,2021-08-01,11.8,60.0,2021-10-31 00:00:00+00:00,2729.0533333333333,,
61,61.0,TUR,2021-09-01,11.5,61.0,2021-11-30 00:00:00+00:00,3360.0066666666667,,
0,,,,,,,,12.542944202310393,6.7098933333333335
1,,,,,,,,12.53904734061278,10.066546760093427
2,,,,,,,,12.535022220046487,13.42320018685352
3,,,,,,,,12.530871052209678,16.779853613613614
4,,,,,,,,12.526596034750801,20.136507040373708
5,,,,,,,,12.522199351402213,23.4931604671338
6,,,,,,,,12.517683172013815,26.849813893893895
7,,,,,,,,12.513049652586679,30.20646732065399
8,,,,,,,,12.508300935306675,33.56312074741408
9,,,,,,,,12.503439148578112,36.91977417417418
10,,,,,,,,12.498466407057352,40.27642760093427
11,,,,,,,,12.493384811686452,43.63308102769437
12,,,,,,,,12.488196449726793,46.98973445445446
13,,,,,,,,12.4829033947927,50.34638788121455
14,,,,,,,,12.477507706885088,53.703041307974644
15,,,,,,,,12.472011432425079,57.05969473473474
16,,,,,,,,12.466416604287632,60.41634816149483
17,,,,,,,,12.460725241835183,63.77300158825492
18,,,,,,,,12.454939350951268,67.12965501501502
19,,,,,,,,12.449060924074152,70.48630844177512
20,,,,,,,,12.443091940230463,73.84296186853521
21,,,,,,,,12.43703436506882,77.1996152952953
22,,,,,,,,12.430890150893461,80.55626872205539
23,,,,,,,,12.424661236697876,83.91292214881548
24,,,,,,,,12.418349548198437,87.26957557557557
25,,,,,,,,12.411956997868025,90.62622900233566
26,,,,,,,,12.405485484969661,93.98288242909575
27,,,,,,,,12.398936895590143,97.33953585585587
28,,,,,,,,12.392313102673661,100.69618928261596
29,,,,,,,,12.385615966055441,104.05284270937605
30,,,,,,,,12.37884733249537,107.40949613613614
31,,,,,,,,12.372009035711622,110.76614956289623
32,,,,,,,,12.365102896414296,114.12280298965632
33,,,,,,,,12.358130722339036,117.47945641641641
34,,,,,,,,12.351094308280674,120.8361098431765
35,,,,,,,,12.343995436126846,124.19276326993662
36,,,,,,,,12.336835874891634,127.54941669669671
37,,,,,,,,12.329617380749182,130.9060701234568
38,,,,,,,,12.322341697067344,134.2627235502169
39,,,,,,,,12.3150105544413,137.61937697697698
40,,,,,,,,12.30762567072719,140.97603040373707
41,,,,,,,,12.300188751075744,144.33268383049716
42,,,,,,,,12.292701487965914,147.68933725725725
43,,,,,,,,12.285165561238502,151.04599068401734
44,,,,,,,,12.277582638129788,154.40264411077746
45,,,,,,,,12.269954373305165,157.75929753753755
46,,,,,,,,12.262282408892764,161.11595096429764
47,,,,,,,,12.25456837451709,164.47260439105773
48,,,,,,,,12.24681388733264,167.82925781781782
49,,,,,,,,12.239020552057553,171.1859112445779
50,,,,,,,,12.231189961007216,174.542564671338
51,,,,,,,,12.223323694127911,177.8992180980981
52,,,,,,,,12.215423319030444,181.25587152485818
53,,,,,,,,12.207490391023766,184.6125249516183
54,,,,,,,,12.199526453148607,187.9691783783784
55,,,,,,,,12.19153303621111,191.32583180513848
56,,,,,,,,12.183511658816457,194.68248523189857
57,,,,,,,,12.175463827402499,198.03913865865866
58,,,,,,,,12.167391036273388,201.39579208541875
59,,,,,,,,12.159294767633204,204.75244551217884
60,,,,,,,,12.151176491619589,208.10909893893896
61,,,,,,,,12.143037666337372,211.46575236569905
62,,,,,,,,12.134879737892204,214.82240579245914
63,,,,,,,,12.126704140424183,218.17905921921923
64,,,,,,,,12.118512296141489,221.53571264597932
65,,,,,,,,12.11030561535401,224.8923660727394
66,,,,,,,,12.102085496506977,228.2490194994995
67,,,,,,,,12.093853326214582,231.6056729262596
68,,,,,,,,12.085610479293628,234.96232635301968
69,,,,,,,,12.077358318797137,238.3189797797798
70,,,,,,,,12.069098196047996,241.67563320653989
71,,,,,,,,12.06083145067258,245.03228663329998
72,,,,,,,,12.052559410634384,248.38894006006007
73,,,,,,,,12.044283392267651,251.74559348682016
74,,,,,,,,12.036004700311004,255.10224691358025
75,,,,,,,,12.027724627941076,258.45890034034034
76,,,,,,,,12.019444456806136,261.8155537671005
77,,,,,,,,12.011165457059725,265.1722071938606
78,,,,,,,,12.002888887394285,268.52886062062066
79,,,,,,,,11.99461599507478,271.88551404738075
80,,,,,,,,11.986348015972341,275.24216747414084
81,,,,,,,,11.978086174597882,278.59882090090093
82,,,,,,,,11.969831684135741,281.955474327661
83,,,,,,,,11.961585746477299,285.3121277544211
84,,,,,,,,11.953349552254622,288.6687811811812
85,,,,,,,,11.945124280874083,292.0254346079413
86,,,,,,,,11.936911100549988,295.3820880347014
87,,,,,,,,11.928711168338221,298.7387414614615
88,,,,,,,,11.92052563016986,302.0953948882216
89,,,,,,,,11.912355620884812,305.4520483149817
90,,,,,,,,11.904202264265441,308.8087017417418
91,,,,,,,,11.896066673070205,312.1653551685019
92,,,,,,,,11.887949949067274,315.522008595262
93,,,,,,,,11.879853183068171,318.87866202202207
94,,,,,,,,11.871777454961396,322.23531544878216
95,,,,,,,,11.863723833746059,325.59196887554225
96,,,,,,,,11.855693377565506,328.94862230230234
97,,,,,,,,11.847687133740953,332.30527572906243
98,,,,,,,,11.839706138805116,335.6619291558225
99,,,,,,,,11.831751418535836,339.0185825825826
100,,,,,,,,11.823823987989714,342.3752360093427
101,,,,,,,,11.815924851535739,345.7318894361028
102,,,,,,,,11.80805500288892,349.0885428628629
103,,,,,,,,11.80021542514391,352.44519628962297
104,,,,,,,,11.792407090808648,355.80184971638306
105,,,,,,,,11.784630961837975,359.1585031431432
106,,,,,,,,11.776887989667268,362.5151565699033
107,,,,,,,,11.769179115246079,365.8718099966634
108,,,,,,,,11.761505269071751,369.2284634234235
109,,,,,,,,11.753867371223064,372.58511685018357
110,,,,,,,,11.746266331393848,375.94177027694366
111,,,,,,,,11.738703048926622,379.29842370370375
112,,,,,,,,11.731178412846228,382.65507713046384
113,,,,,,,,11.723693301893451,386.0117305572239
114,,,,,,,,11.716248584558658,389.368383983984
115,,,,,,,,11.708845119115418,392.7250374107441
116,,,,,,,,11.701483753654143,396.0816908375042
117,,,,,,,,11.694165326115712,399.4383442642643
118,,,,,,,,11.6868906643251,402.7949976910244
119,,,,,,,,11.67966058602501,406.15165111778447
120,,,,,,,,11.672475898909504,409.5083045445446
121,,,,,,,,11.66533740065763,412.8649579713047
122,,,,,,,,11.658245878967056,416.2216113980648
123,,,,,,,,11.651202111587697,419.5782648248249
124,,,,,,,,11.644206866355342,422.934918251585
125,,,,,,,,11.637260901225291,426.29157167834506
126,,,,,,,,11.630364964305983,429.64822510510515
127,,,,,,,,11.623519793892621,433.00487853186524
128,,,,,,,,11.616726118500805,436.36153195862533
129,,,,,,,,11.609984656900169,439.7181853853854
130,,,,,,,,11.603296118147993,443.0748388121455
131,,,,,,,,11.596661201622856,446.4314922389056
132,,,,,,,,11.590080597058247,449.7881456656657
133,,,,,,,,11.583554984576203,453.1447990924258
134,,,,,,,,11.577085034720943,456.5014525191859
135,,,,,,,,11.570671408492487,459.85810594594597
136,,,,,,,,11.564314757380297,463.21475937270606
137,,,,,,,,11.558015723396899,466.5714127994662
138,,,,,,,,11.551774939111517,469.9280662262263
139,,,,,,,,11.545593027683703,473.2847196529864
140,,,,,,,,11.539470602896966,476.6413730797465
141,,,,,,,,11.5334082691924,479.99802650650656
142,,,,,,,,11.527406621702317,483.35467993326665
143,,,,,,,,11.521466246283877,486.71133336002674
144,,,,,,,,11.515587719552718,490.06798678678683
145,,,,,,,,11.50977160891658,493.4246402135469
146,,,,,,,,11.504018472608944,496.781293640307
147,,,,,,,,11.498328859722658,500.1379470670671
148,,,,,,,,11.492703310243563,503.4946004938272
149,,,,,,,,11.487142355084131,506.8512539205873
150,,,,,,,,11.48164651611709,510.2079073473474
151,,,,,,,,11.47621630620905,513.5645607741075
152,,,,,,,,11.470852229254145,516.9212142008676
153,,,,,,,,11.465554780207649,520.2778676276276
154,,,,,,,,11.460324445119618,523.6345210543877
155,,,,,,,,11.455161701168509,526.9911744811478
156,,,,,,,,11.450067016694819,530.3478279079079
157,,,,,,,,11.445040851234712,533.704481334668
158,,,,,,,,11.440083655553648,537.0611347614281
159,,,,,,,,11.435195871680012,540.4177881881882
160,,,,,,,,11.430377932938745,543.7744416149483
161,,,,,,,,11.425630263984978,547.1310950417084
162,,,,,,,,11.420953280837653,550.4877484684685
163,,,,,,,,11.416347390913163,553.8444018952285
164,,,,,,,,11.411812993058975,557.2010553219886
165,,,,,,,,11.407350477587261,560.5577087487487
166,,,,,,,,11.402960226308531,563.9143621755088
167,,,,,,,,11.398642612565265,567.2710156022689
168,,,,,,,,11.394398001265529,570.627669029029
169,,,,,,,,11.390226748916623,573.9843224557891
170,,,,,,,,11.386129203658703,577.3409758825492
171,,,,,,,,11.38210570529841,580.6976293093093
172,,,,,,,,11.378156585342493,584.0542827360694
173,,,,,,,,11.374282167031462,587.4109361628294
174,,,,,,,,11.37048276537319,590.7675895895895
175,,,,,,,,11.366758687176564,594.1242430163496
176,,,,,,,,11.3631102310851,597.4808964431098
177,,,,,,,,11.359537687610587,600.8375498698699
178,,,,,,,,11.356041339166705,604.19420329663
179,,,,,,,,11.35262146010266,607.5508567233901
180,,,,,,,,11.349278316736815,610.9075101501502
181,,,,,,,,11.346012167390318,614.2641635769103
182,,,,,,,,11.342823262420735,617.6208170036704
183,,,,,,,,11.339711844255675,620.9774704304305
184,,,,,,,,11.336678147426419,624.3341238571905
185,,,,,,,,11.333722398601564,627.6907772839506
186,,,,,,,,11.330844816620631,631.0474307107107
187,,,,,,,,11.328045612527717,634.4040841374708
188,,,,,,,,11.325324989605104,637.7607375642309
189,,,,,,,,11.322683143406907,641.117390990991
190,,,,,,,,11.320120261792693,644.4740444177511
191,,,,,,,,11.317636524961117,647.8306978445112
192,,,,,,,,11.315232105483547,651.1873512712713
193,,,,,,,,11.312907168337697,654.5440046980314
194,,,,,,,,11.310661870941253,657.9006581247914
195,,,,,,,,11.308496363185514,661.2573115515515
196,,,,,,,,11.306410787469007,664.6139649783116
197,,,,,,,,11.304405278731126,667.9706184050717
198,,,,,,,,11.302479964485764,671.3272718318318
199,,,,,,,,11.300634964854932,674.6839252585919
200,,,,,,,,11.298870392602403,678.040578685352
201,,,,,,,,11.297186353167332,681.3972321121121
202,,,,,,,,11.295582944697886,684.7538855388722
203,,,,,,,,11.294060258084881,688.1105389656323
204,,,,,,,,11.292618376995408,691.4671923923923
205,,,,,,,,11.29125737790646,694.8238458191524
206,,,,,,,,11.28997733013857,698.1804992459125
207,,,,,,,,11.288778295889427,701.5371526726726
208,,,,,,,,11.287660330267524,704.8938060994327
209,,,,,,,,11.286623481325774,708.2504595261929
210,,,,,,,,11.285667790095145,711.607112952953
211,,,,,,,,11.28479329061829,714.9637663797131
212,,,,,,,,11.284000009983178,718.3204198064732
213,,,,,,,,11.283287968356722,721.6770732332333
214,,,,,,,,11.282657179018408,725.0337266599934
215,,,,,,,,11.282107648393927,728.3903800867535
216,,,,,,,,11.281639376088807,731.7470335135135
217,,,,,,,,11.281252354922037,735.1036869402736
218,,,,,,,,11.280946570959703,738.4603403670337
219,,,,,,,,11.280722003548615,741.8169937937938
220,,,,,,,,11.280578625349936,745.1736472205539
221,,,,,,,,11.280516402372815,748.530300647314
222,,,,,,,,11.280535294008011,751.8869540740741
223,,,,,,,,11.280635253061536,755.2436075008342
224,,,,,,,,11.280816225788271,758.6002609275943
225,,,,,,,,11.281078151925598,761.9569143543544
226,,,,,,,,11.28142096472704,765.3135677811144
227,,,,,,,,11.281844590995878,768.6702212078745
228,,,,,,,,11.28234895111879,772.0268746346346
229,,,,,,,,11.282933959099479,775.3835280613947
230,,,,,,,,11.2835995225923,778.7401814881548
231,,,,,,,,11.284345542935894,782.0968349149149
232,,,,,,,,11.285171915186814,785.453488341675
233,,,,,,,,11.286078528153158,788.8101417684351
234,,,,,,,,11.287065264428199,792.1667951951952
235,,,,,,,,11.288132000424012,795.5234486219553
236,,,,,,,,11.289278606405107,798.8801020487153
237,,,,,,,,11.290504946522057,802.2367554754754
238,,,,,,,,11.291810878845128,805.5934089022355
239,,,,,,,,11.293196255397913,808.9500623289956
240,,,,,,,,11.294660922190955,812.3067157557558
241,,,,,,,,11.296204719255384,815.6633691825159
242,,,,,,,,11.297827480676542,819.020022609276
243,,,,,,,,11.299529034627612,822.3766760360361
244,,,,,,,,11.301309203403255,825.7333294627962
245,,,,,,,,11.303167803453235,829.0899828895563
246,,,,,,,,11.305104645416048,832.4466363163164
247,,,,,,,,11.30711953415255,835.8032897430764
248,,,,,,,,11.3092122687796,839.1599431698365
249,,,,,,,,11.311382642703672,842.5165965965966
250,,,,,,,,11.313630443654494,845.8732500233567
251,,,,,,,,11.315955453718683,849.2299034501168
252,,,,,,,,11.318357449373362,852.5865568768769
253,,,,,,,,11.320836201519807,855.943210303637
254,,,,,,,,11.323391475517054,859.2998637303971
255,,,,,,,,11.326023031215556,862.6565171571572
256,,,,,,,,11.328730622990788,866.0131705839173
257,,,,,,,,11.331513999776895,869.3698240106773
258,,,,,,,,11.334372905100313,872.7264774374374
259,,,,,,,,11.337307077113401,876.0831308641975
260,,,,,,,,11.34031624862807,879.4397842909576
261,,,,,,,,11.343400147149417,882.7964377177177
262,,,,,,,,11.34655849490935,886.1530911444778
263,,,,,,,,11.349791008900219,889.5097445712379
264,,,,,,,,11.353097400908448,892.866397997998
265,,,,,,,,11.356477377548167,896.2230514247581
266,,,,,,,,11.359930640294829,899.5797048515182
267,,,,,,,,11.363456885518865,902.9363582782782
268,,,,,,,,11.367055804519286,906.2930117050383
269,,,,,,,,11.37072708355733,909.6496651317984
270,,,,,,,,11.374470403890086,913.0063185585585
271,,,,,,,,11.378285441804133,916.3629719853186
272,,,,,,,,11.382171868649156,919.7196254120787
273,,,,,,,,11.38612935087158,923.0762788388389
274,,,,,,,,11.39015755004821,926.432932265599
275,,,,,,,,11.394256122919849,929.7895856923591
276,,,,,,,,11.39842472142493,933.1462391191192
277,,,,,,,,11.402662992733163,936.5028925458793
278,,,,,,,,11.406970579279129,939.8595459726394
279,,,,,,,,11.411347118795945,943.2161993993994
280,,,,,,,,11.415792244348879,946.5728528261595
281,,,,,,,,11.420305584368975,949.9295062529196
282,,,,,,,,11.424886762686704,953.2861596796797
283,,,,,,,,11.429535398565557,956.6428131064398
284,,,,,,,,11.434251106735717,959.9994665331999
285,,,,,,,,11.439033497427662,963.35611995996
286,,,,,,,,11.4438821764058,966.7127733867201
287,,,,,,,,11.448796745002106,970.0694268134802
288,,,,,,,,11.45377680014974,973.4260802402403
289,,,,,,,,11.45882193441669,976.7827336670003
290,,,,,,,,11.463931736039399,980.1393870937604
291,,,,,,,,11.469105788956378,983.4960405205205
292,,,,,,,,11.47434367284187,986.8526939472806
293,,,,,,,,11.479644963139444,990.2093473740407
294,,,,,,,,11.485009231095649,993.5660008008008
295,,,,,,,,11.490436043793627,996.9226542275609
296,,,,,,,,11.495924964186768,1000.279307654321
297,,,,,,,,11.501475551132305,1003.6359610810811
298,,,,,,,,11.507087359424979,1006.9926145078412
299,,,,,,,,11.51275993983064,1010.3492679346012
300,,,,,,,,11.5184928391199,1013.7059213613613
301,,,,,,,,11.524285600101747,1017.0625747881214
302,,,,,,,,11.53013776165718,1020.4192282148815
303,,,,,,,,11.536048858772839,1023.7758816416416
304,,,,,,,,11.542018422574644,1027.132535068402
305,,,,,,,,11.548045980361408,1030.489188495162
306,,,,,,,,11.554131055638479,1033.845841921922
307,,,,,,,,11.560273168151362,1037.202495348682
308,,,,,,,,11.56647183391936,1040.5591487754423
309,,,,,,,,11.572726565269193,1043.9158022022023
310,,,,,,,,11.579036870868634,1047.2724556289625
311,,,,,,,,11.58540225576014,1050.6291090557224
312,,,,,,,,11.591822221394477,1053.9857624824826
313,,,,,,,,11.598296265664345,1057.3424159092426
314,,,,,,,,11.604823882938028,1060.6990693360028
315,,,,,,,,11.611404564093004,1064.0557227627628
316,,,,,,,,11.618037796549583,1067.412376189523
317,,,,,,,,11.624723064304538,1070.769029616283
318,,,,,,,,11.63145984796473,1074.1256830430432
319,,,,,,,,11.638247624780748,1077.4823364698032
320,,,,,,,,11.645085868680521,1080.8389898965634
321,,,,,,,,11.651974050302968,1084.1956433233236
322,,,,,,,,11.658911637031615,1087.5522967500835
323,,,,,,,,11.665898093028233,1090.9089501768437
324,,,,,,,,11.672932879266455,1094.2656036036037
325,,,,,,,,11.680015453565428,1097.622257030364
326,,,,,,,,11.687145270623414,1100.978910457124
327,,,,,,,,11.694321782051457,1104.335563883884
328,,,,,,,,11.70154443640697,1107.692217310644
329,,,,,,,,11.708812679227398,1111.0488707374043
330,,,,,,,,11.716125953063838,1114.4055241641643
331,,,,,,,,11.723483697514661,1117.7621775909245
332,,,,,,,,11.730885349259154,1121.1188310176844
333,,,,,,,,11.738330342091142,1124.4754844444446
334,,,,,,,,11.745818106952624,1127.8321378712046
335,,,,,,,,11.753348071967393,1131.1887912979648
336,,,,,,,,11.76091966247468,1134.5454447247248
337,,,,,,,,11.768532301062777,1137.902098151485
338,,,,,,,,11.776185407602654,1141.258751578245
339,,,,,,,,11.783878399281615,1144.6154050050052
340,,,,,,,,11.791610690636912,1147.9720584317652
341,,,,,,,,11.799381693589368,1151.3287118585254
342,,,,,,,,11.807190817477025,1154.6853652852853
343,,,,,,,,11.815037469088768,1158.0420187120455
344,,,,,,,,11.822921052697946,1161.3986721388055
345,,,,,,,,11.830840970096013,1164.7553255655657
346,,,,,,,,11.838796620626145,1168.1119789923257
347,,,,,,,,11.846787401216883,1171.468632419086
348,,,,,,,,11.85481270641576,1174.8252858458459
349,,,,,,,,11.86287192842293,1178.181939272606
350,,,,,,,,11.870964457124796,1181.538592699366
351,,,,,,,,11.879089680127635,1184.8952461261263
352,,,,,,,,11.887246982791241,1188.2518995528865
353,,,,,,,,11.895435748262546,1191.6085529796464
354,,,,,,,,11.903655357509251,1194.9652064064067
355,,,,,,,,11.911905189353458,1198.3218598331666
356,,,,,,,,11.9201846205053,1201.6785132599268
357,,,,,,,,11.92849302559657,1205.0351666866868
358,,,,,,,,11.936829777214342,1208.391820113447
359,,,,,,,,11.945194245934625,1211.748473540207
360,,,,,,,,11.953585800355965,1215.1051269669672
361,,,,,,,,11.962003807133094,1218.4617803937272
362,,,,,,,,11.97044763101055,1221.8184338204874
363,,,,,,,,11.978916634856319,1225.1750872472473
364,,,,,,,,11.987410179695443,1228.5317406740076
365,,,,,,,,11.995927624743672,1231.8883941007675
366,,,,,,,,12.00446832744109,1235.2450475275277
367,,,,,,,,12.013031643485734,1238.6017009542877
368,,,,,,,,12.021616926867223,1241.958354381048
369,,,,,,,,12.030223529900413,1245.315007807808
370,,,,,,,,12.038850803258992,1248.671661234568
371,,,,,,,,12.047498096009148,1252.028314661328
372,,,,,,,,12.056164755643156,1255.3849680880883
373,,,,,,,,12.064850128113044,1258.7416215148482
374,,,,,,,,12.073553557864207,1262.0982749416085
375,,,,,,,,12.082274387869031,1265.4549283683684
376,,,,,,,,12.091011959660555,1268.8115817951286
377,,,,,,,,12.099765613366037,1272.1682352218886
378,,,,,,,,12.108534687740667,1275.5248886486488
379,,,,,,,,12.11731852020112,1278.8815420754088
380,,,,,,,,12.126116446859246,1282.238195502169
381,,,,,,,,12.134927802555657,1285.594848928929
382,,,,,,,,12.14375192089338,1288.9515023556892
383,,,,,,,,12.152588134271477,1292.3081557824491
384,,,,,,,,12.161435773918694,1295.6648092092094
385,,,,,,,,12.170294169927056,1299.0214626359696
386,,,,,,,,12.179162651285525,1302.3781160627295
387,,,,,,,,12.188040545913632,1305.7347694894897
388,,,,,,,,12.196927180695074,1309.0914229162497
389,,,,,,,,12.205821881511387,1312.44807634301
390,,,,,,,,12.214723973275548,1315.80472976977
391,,,,,,,,12.223632779965609,1319.16138319653
392,,,,,,,,12.232547624658345,1322.51803662329
393,,,,,,,,12.241467829562852,1325.8746900500503
394,,,,,,,,12.250392716054202,1329.2313434768103
395,,,,,,,,12.259321604707067,1332.5879969035705
396,,,,,,,,12.268253815329345,1335.9446503303304
397,,,,,,,,12.277188666995801,1339.3013037570906
398,,,,,,,,12.286125478081676,1342.6579571838506
399,,,,,,,,12.295063566296335,1346.0146106106108
400,,,,,,,,12.304002248716895,1349.3712640373708
401,,,,,,,,12.31294084182184,1352.727917464131
402,,,,,,,,12.321878661524682,1356.084570890891
403,,,,,,,,12.330815023207546,1359.4412243176512
404,,,,,,,,12.339749241754845,1362.7978777444112
405,,,,,,,,12.34868063158689,1366.1545311711714
406,,,,,,,,12.357608506693502,1369.5111845979313
407,,,,,,,,12.366532180667681,1372.8678380246915
408,,,,,,,,12.375450966739201,1376.2244914514515
409,,,,,,,,12.38436417780827,1379.5811448782117
410,,,,,,,,12.39327112647912,1382.9377983049717
411,,,,,,,,12.402171125093682,1386.294451731732
412,,,,,,,,12.411063485765192,1389.6511051584919
413,,,,,,,,12.41994752041181,1393.007758585252
414,,,,,,,,12.428822540790279,1396.364412012012
415,,,,,,,,12.437687858529536,1399.7210654387723
416,,,,,,,,12.446542785164342,1403.0777188655322
417,,,,,,,,12.455386632168919,1406.4343722922924
418,,,,,,,,12.464218710990576,1409.7910257190526
419,,,,,,,,12.473038333083343,1413.1476791458126
420,,,,,,,,12.481844809941588,1416.5043325725728
421,,,,,,,,12.490637453133674,1419.8609859993328
422,,,,,,,,12.499415574335549,1423.217639426093
423,,,,,,,,12.508178485364418,1426.574292852853
424,,,,,,,,12.516925498212343,1429.9309462796132
425,,,,,,,,12.525655925079894,1433.2875997063732
426,,,,,,,,12.534369078409757,1436.6442531331334
427,,,,,,,,12.543064270920375,1440.0009065598933
428,,,,,,,,12.551740815639596,1443.3575599866535
429,,,,,,,,12.560398025938259,1446.7142134134135
430,,,,,,,,12.569035215563876,1450.0708668401737
431,,,,,,,,12.577651698674224,1453.4275202669337
432,,,,,,,,12.586246789870973,1456.784173693694
433,,,,,,,,12.594819804233364,1460.1408271204539
434,,,,,,,,12.603370057351775,1463.497480547214
435,,,,,,,,12.611896865361402,1466.854133973974
436,,,,,,,,12.62039954497586,1470.2107874007343
437,,,,,,,,12.628877413520812,1473.5674408274942
438,,,,,,,,12.637329788967616,1476.9240942542544
439,,,,,,,,12.645755989966958,1480.2807476810144
440,,,,,,,,12.654155335882457,1483.6374011077746
441,,,,,,,,12.662527146824306,1486.9940545345346
442,,,,,,,,12.670870743682922,1490.3507079612948
443,,,,,,,,12.679185448162546,1493.7073613880548
444,,,,,,,,12.687470582814889,1497.064014814815
445,,,,,,,,12.695725471072755,1500.420668241575
446,,,,,,,,12.703949437283676,1503.7773216683352
447,,,,,,,,12.712141806743553,1507.1339750950951
448,,,,,,,,12.72030190573026,1510.4906285218553
449,,,,,,,,12.728429061537298,1513.8472819486155
450,,,,,,,,12.736522602507396,1517.2039353753755
451,,,,,,,,12.74458185806619,1520.5605888021357
452,,,,,,,,12.752606158755786,1523.9172422288957
453,,,,,,,,12.760594836268453,1527.273895655656
454,,,,,,,,12.768547223480233,1530.6305490824159
455,,,,,,,,12.77646265448454,1533.987202509176
456,,,,,,,,12.784340464625824,1537.343855935936
457,,,,,,,,12.7921799905332,1540.7005093626963
458,,,,,,,,12.799980570154055,1544.0571627894562
459,,,,,,,,12.807741542787713,1547.4138162162164
460,,,,,,,,12.815462249119022,1550.7704696429764
461,,,,,,,,12.823142031252022,1554.1271230697366
462,,,,,,,,12.830780232743539,1557.4837764964966
463,,,,,,,,12.838376198636869,1560.8404299232568
464,,,,,,,,12.845929275495344,1564.1970833500168
465,,,,,,,,12.853438811436007,1567.553736776777
466,,,,,,,,12.860904156163219,1570.910390203537
467,,,,,,,,12.868324661002312,1574.2670436302972
468,,,,,,,,12.875699678933188,1577.6236970570571
469,,,,,,,,12.883028564623967,1580.9803504838173
470,,,,,,,,12.89031067446463,1584.3370039105773
471,,,,,,,,12.89754536660061,1587.6936573373375
472,,,,,,,,12.904732000966472,1591.0503107640975
473,,,,,,,,12.911869939319505,1594.4069641908577
474,,,,,,,,12.918958545273345,1597.7636176176177
475,,,,,,,,12.92599718433166,1601.120271044378
476,,,,,,,,12.932985223921715,1604.4769244711379
477,,,,,,,,12.939922033428058,1607.833577897898
478,,,,,,,,12.946806984226097,1611.190231324658
479,,,,,,,,12.953639449715755,1614.5468847514182
480,,,,,,,,12.960418805355133,1617.9035381781785
481,,,,,,,,12.967144428694066,1621.2601916049384
482,,,,,,,,12.973815699407837,1624.6168450316986
483,,,,,,,,12.980431999330722,1627.9734984584586
484,,,,,,,,12.986992712489691,1631.3301518852188
485,,,,,,,,12.993497225138007,1634.6868053119788
486,,,,,,,,12.99994492578885,1638.043458738739
487,,,,,,,,13.006335205248952,1641.400112165499
488,,,,,,,,13.012667456652242,1644.7567655922592
489,,,,,,,,13.018941075493462,1648.1134190190191
490,,,,,,,,13.025155459661804,1651.4700724457794
491,,,,,,,,13.03131000947451,1654.8267258725393
492,,,,,,,,13.037404127710566,1658.1833792992995
493,,,,,,,,13.043437219644261,1661.5400327260595
494,,,,,,,,13.04940869307886,1664.8966861528197
495,,,,,,,,13.055317958380233,1668.2533395795797
496,,,,,,,,13.06116442851047,1671.60999300634
497,,,,,,,,13.066947519061507,1674.9666464330999
498,,,,,,,,13.07266664828877,1678.32329985986
499,,,,,,,,13.078321237144799,1681.67995328662
500,,,,,,,,13.083910709312892,1685.0366067133803
501,,,,,,,,13.089434491240716,1688.3932601401402
502,,,,,,,,13.094892012173919,1691.7499135669004
503,,,,,,,,13.100282704189823,1695.1065669936604
504,,,,,,,,13.105606002230978,1698.4632204204206
505,,,,,,,,13.110861344138861,1701.8198738471806
506,,,,,,,,13.116048170687463,1705.1765272739408
507,,,,,,,,13.121165925616914,1708.5331807007008
508,,,,,,,,13.126214055667148,1711.889834127461
509,,,,,,,,13.131192010611503,1715.246487554221
510,,,,,,,,13.136099243290378,1718.6031409809812
511,,,,,,,,13.140935209644823,1721.9597944077411
512,,,,,,,,13.145699368750211,1725.3164478345013
513,,,,,,,,13.150391182849834,1728.6731012612615
514,,,,,,,,13.15501011738857,1732.0297546880215
515,,,,,,,,13.159555641046467,1735.3864081147817
516,,,,,,,,13.164027225772418,1738.7430615415417
517,,,,,,,,13.168424346817776,1742.099714968302
518,,,,,,,,13.172746482769934,1745.4563683950619
519,,,,,,,,13.176993115586047,1748.813021821822
520,,,,,,,,13.181163730626611,1752.169675248582
521,,,,,,,,13.185257816689056,1755.5263286753423
522,,,,,,,,13.189274866041462,1758.8829821021022
523,,,,,,,,13.193214374456122,1762.2396355288624
524,,,,,,,,13.197075841243201,1765.5962889556224
525,,,,,,,,13.200858769284341,1768.9529423823826
526,,,,,,,,13.204562665066337,1772.3095958091426
527,,,,,,,,13.208187038714708,1775.6662492359028
528,,,,,,,,13.211731404027372,1779.0229026626628
529,,,,,,,,13.215195278508272,1782.379556089423
530,,,,,,,,13.218578183400975,1785.736209516183
531,,,,,,,,13.221879643722335,1789.0928629429432
532,,,,,,,,13.225099188296095,1792.4495163697031
533,,,,,,,,13.228236349786567,1795.8061697964633
534,,,,,,,,13.231290664732182,1799.1628232232233
535,,,,,,,,13.234261673579187,1802.5194766499835
536,,,,,,,,13.237148920715253,1805.8761300767435
537,,,,,,,,13.239951954503109,1809.2327835035037
538,,,,,,,,13.242670327314169,1812.5894369302637
539,,,,,,,,13.245303595562124,1815.9460903570239
540,,,,,,,,13.247851319736679,1819.3027437837839
541,,,,,,,,13.250313064437048,1822.659397210544
542,,,,,,,,13.25268839840567,1826.016050637304
543,,,,,,,,13.254976894561832,1829.3727040640642
544,,,,,,,,13.257178130035275,1832.7293574908242
545,,,,,,,,13.259291686199827,1836.0860109175844
546,,,,,,,,13.261317148707032,1839.4426643443446
547,,,,,,,,13.263254107519831,1842.7993177711046
548,,,,,,,,13.265102156946096,1846.1559711978648
549,,,,,,,,13.266860895672334,1849.5126246246248
550,,,,,,,,13.268529926797317,1852.869278051385
551,,,,,,,,13.270108857865633,1856.225931478145
552,,,,,,,,13.271597300901444,1859.5825849049052
553,,,,,,,,13.272994872442002,1862.9392383316651
554,,,,,,,,13.274301193571322,1866.2958917584253
555,,,,,,,,13.275515889953812,1869.6525451851853
556,,,,,,,,13.276638591867933,1873.0091986119455
557,,,,,,,,13.277668934239781,1876.3658520387055
558,,,,,,,,13.278606556676731,1879.7225054654657
559,,,,,,,,13.279451103501057,1883.0791588922257
560,,,,,,,,13.280202223783608,1886.4358123189859
561,,,,,,,,13.280859571377388,1889.7924657457459
562,,,,,,,,13.281422804951195,1893.149119172506
563,,,,,,,,13.281891588023296,1896.505772599266
564,,,,,,,,13.28226558899497,1899.8624260260262
565,,,,,,,,13.282544481184221,1903.2190794527862
566,,,,,,,,13.282727942859385,1906.5757328795464
567,,,,,,,,13.282815657272732,1909.9323863063064
568,,,,,,,,13.282807312694121,1913.2890397330666
569,,,,,,,,13.282702602444576,1916.6456931598266
570,,,,,,,,13.28250122493009,1920.0023465865868
571,,,,,,,,13.282202883675001,1923.3590000133468
572,,,,,,,,13.281807287355814,1926.715653440107
573,,,,,,,,13.281314149834731,1930.072306866867
574,,,,,,,,13.280723190193353,1933.4289602936271
575,,,,,,,,13.280034132766236,1936.7856137203871
576,,,,,,,,13.279246707174597,1940.1422671471473
577,,,,,,,,13.27836064835989,1943.4989205739075
578,,,,,,,,13.277375696617437,1946.8555740006675
579,,,,,,,,13.276291597630088,1950.2122274274277
580,,,,,,,,13.27510810250185,1953.5688808541877
581,,,,,,,,13.273824967791445,1956.9255342809479
582,,,,,,,,13.272441955546054,1960.2821877077079
583,,,,,,,,13.270958833334891,1963.638841134468
584,,,,,,,,13.269375374282806,1966.995494561228
585,,,,,,,,13.267691357103931,1970.3521479879882
586,,,,,,,,13.265906566135353,1973.7088014147482
587,,,,,,,,13.264020791370722,1977.0654548415084
588,,,,,,,,13.262033828493795,1980.4221082682684
589,,,,,,,,13.259945478912211,1983.7787616950286
590,,,,,,,,13.25775554979106,1987.1354151217886
591,,,,,,,,13.255463854086432,1990.4920685485488
592,,,,,,,,13.253070210579192,1993.8487219753088
593,,,,,,,,13.250574443908494,1997.205375402069
594,,,,,,,,13.247976384605476,2000.562028828829
595,,,,,,,,13.245275869126846,2003.9186822555891
596,,,,,,,,13.24247273988858,2007.2753356823491
597,,,,,,,,13.23956684529944,2010.6319891091093
598,,,,,,,,13.236558039794705,2013.9886425358693
599,,,,,,,,13.233446183869791,2017.3452959626295
600,,,,,,,,13.230231144113812,2020.7019493893895
601,,,,,,,,13.226912793243255,2024.0586028161497
602,,,,,,,,13.22349101013565,2027.4152562429097
603,,,,,,,,13.219965679863119,2030.7719096696699
604,,,,,,,,13.216336693726074,2034.1285630964298
605,,,,,,,,13.212603949286784,2037.48521652319
606,,,,,,,,13.208767350403082,2040.84186994995
607,,,,,,,,13.204826807261899,2044.1985233767102
608,,,,,,,,13.200782236413009,2047.5551768034704
609,,,,,,,,13.196633560802557,2050.9118302302304
610,,,,,,,,13.192380709806745,2054.2684836569906
611,,,,,,,,13.188023619265426,2057.6251370837504
612,,,,,,,,13.183562231515804,2060.9817905105106
613,,,,,,,,13.178996495425924,2064.3384439372708
614,,,,,,,,13.174326366428513,2067.6950973640305
615,,,,,,,,13.169551806554377,2071.0517507907907
616,,,,,,,,13.164672784466202,2074.408404217551
617,,,,,,,,13.159689275492138,2077.765057644311
618,,,,,,,,13.154601261659355,2081.121711071071
619,,,,,,,,13.149408731727807,2084.478364497831
620,,,,,,,,13.144111681223716,2087.8350179245913
621,,,,,,,,13.138710112473351,2091.1916713513515
622,,,,,,,,13.133204034636538,2094.5483247781112
623,,,,,,,,13.127593463740315,2097.9049782048714
624,,,,,,,,13.121878422712637,2101.2616316316316
625,,,,,,,,13.116058941415869,2104.618285058392
626,,,,,,,,13.110135056680608,2107.9749384851516
627,,,,,,,,13.104106812339115,2111.331591911912
628,,,,,,,,13.097974259259036,2114.688245338672
629,,,,,,,,13.091737455377089,2118.044898765432
630,,,,,,,,13.085396465732561,2121.401552192192
631,,,,,,,,13.078951362501048,2124.758205618952
632,,,,,,,,13.072402225028075,2128.1148590457124
633,,,,,,,,13.065749139862607,2131.4715124724726
634,,,,,,,,13.058992200790886,2134.8281658992323
635,,,,,,,,13.052131508869838,2138.1848193259925
636,,,,,,,,13.045167172460854,2141.5414727527527
637,,,,,,,,13.038099307263412,2144.898126179513
638,,,,,,,,13.030928036348616,2148.2547796062727
639,,,,,,,,13.023653490192917,2151.611433033033
640,,,,,,,,13.016275806711665,2154.968086459793
641,,,,,,,,13.008795131292832,2158.3247398865533
642,,,,,,,,13.001211616830535,2161.6813933133135
643,,,,,,,,12.993525423758772,2165.0380467400732
644,,,,,,,,12.985736720084962,2168.3947001668334
645,,,,,,,,12.977845681423677,2171.7513535935936
646,,,,,,,,12.969852491030114,2175.108007020354
647,,,,,,,,12.961757339833898,2178.4646604471136
648,,,,,,,,12.953560426472581,2181.821313873874
649,,,,,,,,12.945261957325375,2185.177967300634
650,,,,,,,,12.936862146546705,2188.534620727394
651,,,,,,,,12.928361216099876,2191.891274154154
652,,,,,,,,12.919759395790667,2195.247927580914
653,,,,,,,,12.911056923301022,2198.6045810076744
654,,,,,,,,12.902254044222605,2201.9612344344346
655,,,,,,,,12.893351012090523,2205.3178878611943
656,,,,,,,,12.884348088416875,2208.6745412879545
657,,,,,,,,12.87524554272439,2212.0311947147147
658,,,,,,,,12.866043652580093,2215.387848141475
659,,,,,,,,12.856742703628928,2218.7445015682347
660,,,,,,,,12.84734298962741,2222.101154994995
661,,,,,,,,12.837844812477119,2225.457808421755
662,,,,,,,,12.828248482258548,2228.8144618485153
663,,,,,,,,12.81855431726456,2232.171115275275
664,,,,,,,,12.808762644034122,2235.5277687020352
665,,,,,,,,12.798873797385799,2238.8844221287954
666,,,,,,,,12.788888120451592,2242.2410755555557
667,,,,,,,,12.778805964710333,2245.5977289823154
668,,,,,,,,12.768627690021592,2248.9543824090756
669,,,,,,,,12.758353664658973,2252.311035835836
670,,,,,,,,12.747984265344034,2255.667689262596
671,,,,,,,,12.73751987727977,2259.0243426893558
672,,,,,,,,12.726960894184248,2262.380996116116
673,,,,,,,,12.716307718324305,2265.737649542876
674,,,,,,,,12.705560760549123,2269.0943029696364
675,,,,,,,,12.694720440323895,2272.4509563963966
676,,,,,,,,12.683787185763368,2275.8076098231563
677,,,,,,,,12.672761433665617,2279.1642632499165
678,,,,,,,,12.66164362954557,2282.5209166766767
679,,,,,,,,12.650434227668587,2285.877570103437
680,,,,,,,,12.639133691084329,2289.2342235301967
681,,,,,,,,12.627742491660033,2292.590876956957
682,,,,,,,,12.616261110114525,2295.947530383717
683,,,,,,,,12.604690036051498,2299.3041838104773
684,,,,,,,,12.593029767993404,2302.660837237237
685,,,,,,,,12.581280813414967,2306.0174906639973
686,,,,,,,,12.569443688776818,2309.3741440907575
687,,,,,,,,12.557518919559119,2312.7307975175177
688,,,,,,,,12.54550704029521,2316.0874509442774
689,,,,,,,,12.533408594605323,2319.4441043710376
690,,,,,,,,12.52122413522999,2322.800757797798
691,,,,,,,,12.508954224063917,2326.157411224558
692,,,,,,,,12.496599432189502,2329.5140646513178
693,,,,,,,,12.484160339910435,2332.870718078078
694,,,,,,,,12.471637536785341,2336.227371504838
695,,,,,,,,12.459031621661541,2339.5840249315984
696,,,,,,,,12.446343202708409,2342.940678358358
697,,,,,,,,12.433572897451317,2346.2973317851183
698,,,,,,,,12.420721332805119,2349.6539852118785
699,,,,,,,,12.407789145107603,2353.0106386386387
700,,,,,,,,12.394776980153484,2356.3672920653985
701,,,,,,,,12.381685493227767,2359.7239454921587
702,,,,,,,,12.368515349139447,2363.080598918919
703,,,,,,,,12.355267222255097,2366.437252345679
704,,,,,,,,12.34194179653274,2369.7939057724393
705,,,,,,,,12.328539765555096,2373.150559199199
706,,,,,,,,12.315061832563448,2376.5072126259593
707,,,,,,,,12.301508710491309,2379.8638660527195
708,,,,,,,,12.28788112199786,2383.2205194794797
709,,,,,,,,12.274179799501756,2386.5771729062394
710,,,,,,,,12.260405485214637,2389.9338263329996
711,,,,,,,,12.246558931174906,2393.29047975976
712,,,,,,,,12.23264089928114,2396.64713318652
713,,,,,,,,12.218652161325966,2400.0037866132798
714,,,,,,,,12.204593499029475,2403.36044004004
715,,,,,,,,12.190465704072995,2406.7170934668
716,,,,,,,,12.176269578132693,2410.0737468935604
717,,,,,,,,12.162005932913093,2413.43040032032
718,,,,,,,,12.14767559018087,2416.7870537470803
719,,,,,,,,12.133279381798392,2420.1437071738405
720,,,,,,,,12.118818149757406,2423.5003606006007
721,,,,,,,,12.104292746212526,2426.8570140273605
722,,,,,,,,12.089704033515066,2430.2136674541207
723,,,,,,,,12.075052884246535,2433.570320880881
724,,,,,,,,12.060340181252219,2436.926974307641
725,,,,,,,,12.045566817674999,2440.283627734401
726,,,,,,,,12.03073369698885,2443.640281161161
727,,,,,,,,12.015841733032449,2446.9969345879213
728,,,,,,,,12.000891850042951,2450.3535880146815
729,,,,,,,,11.985884982689416,2453.710241441441
730,,,,,,,,11.970822076106518,2457.0668948682014
731,,,,,,,,11.955704085928307,2460.4235482949616
732,,,,,,,,11.940531978321676,2463.780201721722
733,,,,,,,,11.925306730020072,2467.1368551484816
734,,,,,,,,11.910029328357016,2470.493508575242
735,,,,,,,,11.894700771299927,2473.850162002002
736,,,,,,,,11.879322067483589,2477.206815428762
737,,,,,,,,11.863894236243798,2480.5634688555224
738,,,,,,,,11.848418307651105,2483.920122282282
739,,,,,,,,11.832895322544278,2487.2767757090423
740,,,,,,,,11.817326332564111,2490.6334291358025
741,,,,,,,,11.801712400186933,2493.9900825625627
742,,,,,,,,11.78605459875823,2497.3467359893225
743,,,,,,,,11.770354012526386,2500.7033894160827
744,,,,,,,,11.754611736676186,2504.060042842843
745,,,,,,,,11.738828877362483,2507.416696269603
746,,,,,,,,11.723006551743882,2510.773349696363
747,,,,,,,,11.70714588801646,2514.130003123123
748,,,,,,,,11.691248025446985,2517.4866565498833
749,,,,,,,,11.675314114407104,2520.8433099766435
750,,,,,,,,11.659345316406533,2524.199963403403
751,,,,,,,,11.643342804126949,2527.5566168301634
752,,,,,,,,11.627307761455473,2530.9132702569236
753,,,,,,,,11.611241383518351,2534.269923683684
754,,,,,,,,11.59514487671466,2537.6265771104436
755,,,,,,,,11.579019458749759,2540.983230537204
756,,,,,,,,11.562866358669073,2544.339883963964
757,,,,,,,,11.546686816891654,2547.696537390724
758,,,,,,,,11.530482085243936,2551.053190817484
759,,,,,,,,11.514253426993111,2554.409844244244
760,,,,,,,,11.498002116880958,2557.7664976710043
761,,,,,,,,11.481729441157444,2561.1231510977645
762,,,,,,,,11.465436697614368,2564.4798045245243
763,,,,,,,,11.449125195618823,2567.8364579512845
764,,,,,,,,11.432796256147117,2571.1931113780447
765,,,,,,,,11.41645121181816,2574.549764804805
766,,,,,,,,11.400091406927135,2577.9064182315647
767,,,,,,,,11.3837181974793,2581.263071658325
768,,,,,,,,11.367332951223393,2584.619725085085
769,,,,,,,,11.350937047685381,2587.9763785118453
770,,,,,,,,11.334531878202018,2591.3330319386055
771,,,,,,,,11.318118845954718,2594.689685365365
772,,,,,,,,11.30169936600267,2598.0463387921254
773,,,,,,,,11.285274865317025,2601.4029922188856
774,,,,,,,,11.268846782814297,2604.759645645646
775,,,,,,,,11.25241656938984,2608.1162990724056
776,,,,,,,,11.235985687951729,2611.472952499166
777,,,,,,,,11.219555613454293,2614.829605925926
778,,,,,,,,11.203127832931632,2618.186259352686
779,,,,,,,,11.186703845531515,2621.542912779446
780,,,,,,,,11.17028516254867,2624.899566206206
781,,,,,,,,11.15387330745877,2628.2562196329663
782,,,,,,,,11.137469815951693,2631.6128730597266
783,,,,,,,,11.121076235965507,2634.9695264864863
784,,,,,,,,11.104694127719785,2638.3261799132465
785,,,,,,,,11.088325063749568,2641.6828333400067
786,,,,,,,,11.071970628938647,2645.039486766767
787,,,,,,,,11.05563242055344,2648.3961401935267
788,,,,,,,,11.039312048276589,2651.752793620287
789,,,,,,,,11.023011134240381,2655.109447047047
790,,,,,,,,11.006731313060659,2658.4661004738073
791,,,,,,,,10.990474231870355,2661.822753900567
792,,,,,,,,10.974241550353003,2665.179407327327
793,,,,,,,,10.958034940776532,2668.5360607540874
794,,,,,,,,10.941856088026856,2671.8927141808476
795,,,,,,,,10.925706689641306,2675.2493676076074
796,,,,,,,,10.909588455842613,2678.6060210343676
797,,,,,,,,10.893503109572254,2681.962674461128
798,,,,,,,,10.877452386524244,2685.319327887888
799,,,,,,,,10.86143803517864,2688.6759813146477
800,,,,,,,,10.845461816835286,2692.032634741408
801,,,,,,,,10.8295255056474,2695.389288168168
802,,,,,,,,10.813630888655087,2698.7459415949284
803,,,,,,,,10.797779765819246,2702.1025950216886
804,,,,,,,,10.781973950054823,2705.4592484484483
805,,,,,,,,10.766215267264915,2708.8159018752085
806,,,,,,,,10.750505556373856,2712.1725553019687
807,,,,,,,,10.734846669361293,2715.529208728729
808,,,,,,,,10.719240471295638,2718.8858621554887
809,,,,,,,,10.703688840367693,2722.242515582249
810,,,,,,,,10.688193667924214,2725.599169009009
811,,,,,,,,10.672756858501703,2728.9558224357693
812,,,,,,,,10.65738032985998,2732.312475862529
813,,,,,,,,10.64206601301574,2735.6691292892892
814,,,,,,,,10.626815852276241,2739.0257827160494
815,,,,,,,,10.611631805272896,2742.3824361428096
816,,,,,,,,10.596515842995036,2745.7390895695694
817,,,,,,,,10.581469949823305,2749.0957429963296
818,,,,,,,,10.566496123563486,2752.45239642309
819,,,,,,,,10.551596375480091,2755.80904984985
820,,,,,,,,10.536772730329904,2759.1657032766097
821,,,,,,,,10.522027226395767,2762.52235670337
822,,,,,,,,10.507361915520011,2765.87901013013
823,,,,,,,,10.492778863138273,2769.2356635568904
824,,,,,,,,10.478280148312951,2772.59231698365
825,,,,,,,,10.463867863767053,2775.9489704104103
826,,,,,,,,10.449544115917622,2779.3056238371705
827,,,,,,,,10.435311024909357,2782.6622772639307
828,,,,,,,,10.421170724648608,2786.0189306906905
829,,,,,,,,10.407125362836371,2789.3755841174507
830,,,,,,,,10.393177101002625,2792.732237544211
831,,,,,,,,10.379328114539351,2796.088890970971
832,,,,,,,,10.365580592734506,2799.445544397731
833,,,,,,,,10.351936738805666,2802.802197824491
834,,,,,,,,10.338398769933367,2806.1588512512512
835,,,,,,,,10.324968917295127,2809.5155046780114
836,,,,,,,,10.311649426098786,2812.8721581047716
837,,,,,,,,10.29844255561618,2816.2288115315314
838,,,,,,,,10.285350579216942,2819.5854649582916
839,,,,,,,,10.27237578440192,2822.942118385052
840,,,,,,,,10.259520472836858,2826.298771811812
841,,,,,,,,10.246786960386164,2829.6554252385718
842,,,,,,,,10.234177577146443,2833.012078665332
843,,,,,,,,10.221694667480012,2836.368732092092
844,,,,,,,,10.209340590048715,2839.7253855188524
845,,,,,,,,10.19711771784755,2843.082038945612
846,,,,,,,,10.18502843823801,2846.4386923723723
847,,,,,,,,10.17307515298224,2849.7953457991325
848,,,,,,,,10.161260278276036,2853.1519992258927
849,,,,,,,,10.14958624478307,2856.5086526526525
850,,,,,,,,10.138055497668024,2859.8653060794127
851,,,,,,,,10.126670496630613,2863.221959506173
852,,,,,,,,10.115433715939066,2866.578612932933
853,,,,,,,,10.104347644463463,2869.935266359693
854,,,,,,,,10.093414785709957,2873.291919786453
855,,,,,,,,10.082637657853969,2876.6485732132132
856,,,,,,,,10.07201879377384,2880.0052266399734
857,,,,,,,,10.06156074108468,2883.361880066733
858,,,,,,,,10.051266062171795,2886.7185334934934
859,,,,,,,,10.041137334224448,2890.0751869202536
860,,,,,,,,10.031177149269372,2893.431840347014
861,,,,,,,,10.021388114204587,2896.7884937737736
862,,,,,,,,10.011772850832688,2900.1451472005338
863,,,,,,,,10.002333995894947,2903.501800627294
864,,,,,,,,9.993074201104537,2906.858454054054
865,,,,,,,,9.983996133180302,2910.2151074808144
866,,,,,,,,9.975102473880487,2913.571760907574
867,,,,,,,,9.966395920036224,2916.9284143343343
868,,,,,,,,9.957879183585181,2920.2850677610945
869,,,,,,,,9.949554991605414,2923.6417211878547
870,,,,,,,,9.941426086348503,2926.9983746146145
871,,,,,,,,9.93349522527372,2930.3550280413747
872,,,,,,,,9.925765181081449,2933.711681468135
873,,,,,,,,9.918238741746638,2937.068334894895
874,,,,,,,,9.910918710552682,2940.424988321655
875,,,,,,,,9.903807906125042,2943.781641748415
876,,,,,,,,9.8969091624645,2947.1382951751752
877,,,,,,,,9.890225328981462,2950.4949486019354
878,,,,,,,,9.883759270528959,2953.851602028695
879,,,,,,,,9.877513867436523,2957.2082554554554
880,,,,,,,,9.871492015543954,2960.5649088822156
881,,,,,,,,9.865696626234769,2963.921562308976
882,,,,,,,,9.860130626469743,2967.2782157357356
883,,,,,,,,9.854796958820817,2970.6348691624958
884,,,,,,,,9.849698581504715,2973.991522589256
885,,,,,,,,9.844838468416004,2977.348176016016
886,,,,,,,,9.840219609161597,2980.704829442776
887,,,,,,,,9.835845009093834,2984.061482869536
888,,,,,,,,9.831717689344021,2987.4181362962963
889,,,,,,,,9.827840686856621,2990.7747897230565
890,,,,,,,,9.824217054422167,2994.1314431498163
891,,,,,,,,9.820849860711508,2997.4880965765765
892,,,,,,,,9.817742190309009,3000.8447500033367
893,,,,,,,,9.814897143746652,3004.201403430097
894,,,,,,,,9.812317837536899,3007.5580568568566
895,,,,,,,,9.810007404207244,3010.914710283617
896,,,,,,,,9.807968992333134,3014.271363710377
897,,,,,,,,9.806205766572038,3017.6280171371372
898,,,,,,,,9.804720907696709,3020.9846705638975
899,,,,,,,,9.803517612629026,3024.341323990657
900,,,,,,,,9.802599094473795,3027.6979774174174
901,,,,,,,,9.801968582551883,3031.0546308441776
902,,,,,,,,9.801629322434525,3034.411284270938
903,,,,,,,,9.80158457597624,3037.7679376976976
904,,,,,,,,9.801837621348898,3041.1245911244578
905,,,,,,,,9.802391753075444,3044.481244551218
906,,,,,,,,9.803250282062937,3047.837897977978
907,,,,,,,,9.804416535636978,3051.194551404738
908,,,,,,,,9.805893857574734,3054.551204831498
909,,,,,,,,9.807685608138815,3057.9078582582583
910,,,,,,,,9.809795164110785,3061.2645116850185
911,,,,,,,,9.81222591882501,3064.6211651117783
912,,,,,,,,9.814981282202115,3067.9778185385385
913,,,,,,,,9.818064680782573,3071.3344719652987
914,,,,,,,,9.821479557760387,3074.691125392059
915,,,,,,,,9.825229373016914,3078.0477788188186
916,,,,,,,,9.829317603154056,3081.404432245579
917,,,,,,,,9.833747741528487,3084.761085672339
918,,,,,,,,9.838523298284702,3088.1177390990993
919,,,,,,,,9.843647800388982,3091.474392525859
920,,,,,,,,9.849124791662906,3094.831045952619
921,,,,,,,,9.854957832817053,3098.1876993793794
922,,,,,,,,9.861150501484605,3101.5443528061396
923,,,,,,,,9.867706392254792,3104.9010062328994
924,,,,,,,,9.874629116707002,3108.2576596596596
925,,,,,,,,9.881922303443918,3111.6143130864198
926,,,,,,,,9.889589598125259,3114.97096651318
927,,,,,,,,9.897634663501794,3118.3276199399397
928,,,,,,,,9.906061179448177,3121.6842733667
929,,,,,,,,9.914872842997529,3125.04092679346
930,,,,,,,,9.924073368374327,3128.3975802202203
931,,,,,,,,9.933666487028479,3131.7542336469805
932,,,,,,,,9.94365594766855,3135.1108870737403
933,,,,,,,,9.954045516295981,3138.4675405005005
934,,,,,,,,9.964838976237917,3141.8241939272607
935,,,,,,,,9.976040128181683,3145.180847354021
936,,,,,,,,9.987652790207864,3148.5375007807806
937,,,,,,,,9.999680797823988,3151.894154207541
938,,,,,,,,10.01212800399843,3155.250807634301
939,,,,,,,,10.024998279193728,3158.6074610610613
940,,,,,,,,10.038295511400424,3161.964114487821
941,,,,,,,,10.052023606170469,3165.320767914581
942,,,,,,,,10.066186486651294,3168.6774213413414
943,,,,,,,,10.080788093618953,3172.0340747681016
944,,,,,,,,10.095832385512058,3175.3907281948614
945,,,,,,,,10.11132333846503,3178.7473816216216
946,,,,,,,,10.127264946342354,3182.104035048382
947,,,,,,,,10.143661220771623,3185.460688475142
948,,,,,,,,10.160516191177425,3188.8173419019017
949,,,,,,,,10.177833904815163,3192.173995328662
950,,,,,,,,10.195618426804248,3195.530648755422
951,,,,,,,,10.213873840161984,3198.8873021821823
952,,,,,,,,10.232604245837212,3202.243955608942
953,,,,,,,,10.251813762743854,3205.6006090357023
954,,,,,,,,10.271506527794674,3208.9572624624625
955,,,,,,,,10.291686695934647,3212.3139158892227
956,,,,,,,,10.31235844017478,3215.6705693159824
957,,,,,,,,10.333525951626104,3219.0272227427427
958,,,,,,,,10.35519343953236,3222.383876169503
959,,,,,,,,10.37736513130439,3225.740529596263
960,,,,,,,,10.40004527255373,3229.0971830230233
961,,,,,,,,10.423238127125973,3232.453836449783
962,,,,,,,,10.446947977134602,3235.810489876543
963,,,,,,,,10.471179122994062,3239.1671433033034
964,,,,,,,,10.495935883454496,3242.5237967300636
965,,,,,,,,10.521222595634374,3245.8804501568234
966,,,,,,,,10.547043615054424,3249.2371035835836
967,,,,,,,,10.573403315671516,3252.593757010344
968,,,,,,,,10.600306089911971,3255.950410437104
969,,,,,,,,10.627756348705322,3259.3070638638637
970,,,,,,,,10.6557585215178,3262.663717290624
971,,,,,,,,10.68431705638638,3266.020370717384
972,,,,,,,,10.713436419952036,3269.3770241441443
973,,,,,,,,10.74312109749339,3272.733677570904
974,,,,,,,,10.773375592960196,3276.0903309976643
975,,,,,,,,10.804204429007616,3279.4469844244245
976,,,,,,,,10.835612147029185,3282.8036378511847
977,,,,,,,,10.867603307190809,3286.1602912779445
978,,,,,,,,10.900182488464129,3289.5169447047047
979,,,,,,,,10.933354288660116,3292.873598131465
980,,,,,,,,10.967123324463348,3296.230251558225
981,,,,,,,,11.001494231464807,3299.586904984985
982,,,,,,,,11.036471664195819,3302.943558411745
983,,,,,,,,11.072060296162096,3306.300211838505
984,,,,,,,,11.108264819876656,3309.6568652652654
985,,,,,,,,11.145089946893979,3313.013518692025
986,,,,,,,,11.18254040784321,3316.3701721187854
987,,,,,,,,11.220620952462316,3319.7268255455456
988,,,,,,,,11.2593363496314,3323.083478972306
989,,,,,,,,11.298691387406127,3326.4401323990655
990,,,,,,,,11.33869087305182,3329.7967858258257
991,,,,,,,,11.379339633076786,3333.153439252586
992,,,,,,,,11.420642513266063,3336.510092679346
993,,,,,,,,11.462604378714804,3339.8667461061063
994,,,,,,,,11.505230113862542,3343.223399532866
995,,,,,,,,11.548524622525935,3346.5800529596263
996,,,,,,,,11.592492827933103,3349.9367063863865
997,,,,,,,,11.637139672756877,3353.2933598131467
998,,,,,,,,11.682470119148736,3356.6500132399065
999,,,,,,,,11.728489148772116,3360.0066666666667
