,Unnamed: 0,index,LOCATION,TIME,Germany_unemployment_rate,time_close,BTC_closing_price,yfit,xfit
0,0,633,DEU,01/04/2015,4.7,2015-04-30 00:00:00+00:00,146.12,6677.926664,3.1
1,1,634,DEU,01/05/2015,4.7,2015-05-31 00:00:00+00:00,153.06,6711.704784,3.101601602
2,2,635,DEU,01/06/2015,4.7,2015-06-30 00:00:00+00:00,154.97,6745.438202,3.103203203
3,3,636,DEU,01/07/2015,4.6,2015-07-31 00:00:00+00:00,181.0033333,6779.12599,3.104804805
4,4,637,DEU,01/08/2015,4.6,2015-08-31 00:00:00+00:00,162.8566667,6812.767225,3.106406406
5,5,638,DEU,01/09/2015,4.5,2015-09-30 00:00:00+00:00,154.5766667,6846.36099,3.108008008
6,6,639,DEU,01/10/2015,4.5,2015-10-31 00:00:00+00:00,172.75,6879.906371,3.10960961
7,7,640,DEU,01/11/2015,4.5,2015-11-30 00:00:00+00:00,230.2366667,6913.402457,3.111211211
8,8,641,DEU,01/12/2015,4.5,2015-12-31 00:00:00+00:00,290.2266667,6946.848346,3.112812813
9,9,642,DEU,01/01/2016,4.4,2016-01-31 00:00:00+00:00,292.6233333,6980.243136,3.114414414
10,10,643,DEU,01/02/2016,4.3,2016-02-29 00:00:00+00:00,274.1833333,7013.585933,3.116016016
11,11,644,DEU,01/03/2016,4.3,2016-03-31 00:00:00+00:00,289.38,7046.875843,3.117617618
12,12,645,DEU,01/04/2016,4.3,2016-04-30 00:00:00+00:00,309.3433333,7080.111981,3.119219219
13,13,646,DEU,01/05/2016,4.2,2016-05-31 00:00:00+00:00,314.1633333,7113.293464,3.120820821
14,14,647,DEU,01/06/2016,4.2,2016-06-30 00:00:00+00:00,419.3966667,7146.419414,3.122422422
15,15,648,DEU,01/07/2016,4.2,2016-07-31 00:00:00+00:00,515.3733333,7179.488957,3.124024024
16,16,649,DEU,01/08/2016,4.1,2016-08-31 00:00:00+00:00,449.8475,7212.501225,3.125625626
17,17,650,DEU,01/09/2016,4.1,2016-09-30 00:00:00+00:00,472.7133333,7245.455351,3.127227227
18,18,651,DEU,01/10/2016,4,2016-10-31 00:00:00+00:00,532.6866667,7278.350477,3.128828829
19,19,652,DEU,01/11/2016,3.9,2016-11-30 00:00:00+00:00,598.0533333,7311.185745,3.13043043
20,20,653,DEU,01/12/2016,3.9,2016-12-31 00:00:00+00:00,686.7433333,7343.960305,3.132032032
21,21,654,DEU,01/01/2017,3.9,2017-01-31 00:00:00+00:00,738.9866667,7376.673309,3.133633634
22,22,655,DEU,01/02/2017,3.9,2017-02-28 00:00:00+00:00,887.9966667,7409.323914,3.135235235
23,23,656,DEU,01/03/2017,3.9,2017-03-31 00:00:00+00:00,883.1233333,7441.911281,3.136836837
24,24,657,DEU,01/04/2017,3.8,2017-04-30 00:00:00+00:00,983.2333333,7474.434577,3.138438438
25,25,658,DEU,01/05/2017,3.8,2017-05-31 00:00:00+00:00,1514.836667,7506.892973,3.14004004
26,26,659,DEU,01/06/2017,3.8,2017-06-30 00:00:00+00:00,2067.993333,7539.285641,3.141641642
27,27,660,DEU,01/07/2017,3.7,2017-07-31 00:00:00+00:00,1900.401667,7571.611762,3.143243243
28,28,661,DEU,01/08/2017,3.7,2017-08-31 00:00:00+00:00,3106.505667,7603.870519,3.144844845
29,29,662,DEU,01/09/2017,3.7,2017-09-30 00:00:00+00:00,3057.803333,7636.061099,3.146446446
30,30,663,DEU,01/10/2017,3.7,2017-10-31 00:00:00+00:00,4017.106667,7668.182694,3.148048048
31,31,664,DEU,01/11/2017,3.6,2017-11-30 00:00:00+00:00,5717.056667,7700.234501,3.14964965
32,32,665,DEU,01/12/2017,3.6,2017-12-31 00:00:00+00:00,10770.06333,7732.21572,3.151251251
33,33,666,DEU,01/01/2018,3.5,2018-01-31 00:00:00+00:00,9876.883333,7764.125556,3.152852853
34,34,667,DEU,01/02/2018,3.5,2018-02-28 00:00:00+00:00,6633.08,7795.963219,3.154454454
35,35,668,DEU,01/03/2018,3.5,2018-03-31 00:00:00+00:00,6785.493333,7827.727922,3.156056056
36,36,669,DEU,01/04/2018,3.4,2018-04-30 00:00:00+00:00,5766.466667,7859.418882,3.157657658
37,37,670,DEU,01/05/2018,3.4,2018-05-31 00:00:00+00:00,6420.746667,7891.035322,3.159259259
38,38,671,DEU,01/06/2018,3.4,2018-06-30 00:00:00+00:00,5078.6,7922.576469,3.160860861
39,39,672,DEU,01/07/2018,3.4,2018-07-31 00:00:00+00:00,5157.97,7954.041552,3.162462462
40,40,673,DEU,01/08/2018,3.4,2018-08-31 00:00:00+00:00,5311.565,7985.429807,3.164064064
41,41,674,DEU,01/09/2018,3.4,2018-09-30 00:00:00+00:00,4960.323333,8016.740474,3.165665666
42,42,675,DEU,01/10/2018,3.3,2018-10-31 00:00:00+00:00,4997.333333,8047.972795,3.167267267
43,43,676,DEU,01/11/2018,3.3,2018-11-30 00:00:00+00:00,3994.5,8079.126018,3.168868869
44,44,677,DEU,01/12/2018,3.3,2018-12-31 00:00:00+00:00,2912.856667,8110.199396,3.17047047
45,45,678,DEU,01/01/2019,3.3,2019-01-31 00:00:00+00:00,2866.256667,8141.192184,3.172072072
46,46,679,DEU,01/02/2019,3.2,2019-02-28 00:00:00+00:00,2763.476667,8172.103644,3.173673674
47,47,680,DEU,01/03/2019,3.2,2019-03-31 00:00:00+00:00,3065.156667,8202.933038,3.175275275
48,48,681,DEU,01/04/2019,3.2,2019-04-30 00:00:00+00:00,4040.2,8233.679638,3.176876877
49,49,682,DEU,01/05/2019,3.1,2019-05-31 00:00:00+00:00,5750.463333,8264.342715,3.178478478
50,50,683,DEU,01/06/2019,3.1,2019-06-30 00:00:00+00:00,7522.53,8294.921548,3.18008008
51,51,684,DEU,01/07/2019,3.1,2019-07-31 00:00:00+00:00,8224.346667,8325.415417,3.181681682
52,52,685,DEU,01/08/2019,3.1,2019-08-31 00:00:00+00:00,8805.886667,8355.823608,3.183283283
53,53,686,DEU,01/09/2019,3.1,2019-09-30 00:00:00+00:00,7895.406667,8386.145412,3.184884885
54,54,687,DEU,01/10/2019,3.1,2019-10-31 00:00:00+00:00,6597.956667,8416.380122,3.186486486
55,55,688,DEU,01/11/2019,3.2,2019-11-30 00:00:00+00:00,6469.213333,8446.527037,3.188088088
56,56,689,DEU,01/12/2019,3.3,2019-12-31 00:00:00+00:00,5474.086667,8476.585459,3.18968969
57,57,690,DEU,01/01/2020,3.4,2020-01-31 00:00:00+00:00,6082.556667,8506.554696,3.191291291
58,58,691,DEU,01/02/2020,3.5,2020-02-29 00:00:00+00:00,7530.593333,8536.434056,3.192892893
59,59,692,DEU,01/03/2020,3.6,2020-03-31 00:00:00+00:00,5720.506667,8566.222857,3.194494494
60,60,693,DEU,01/04/2020,3.7,2020-04-30 00:00:00+00:00,5614.063333,8595.920416,3.196096096
61,61,694,DEU,01/05/2020,3.8,2020-05-31 00:00:00+00:00,7320.54,8625.526058,3.197697698
62,62,695,DEU,01/06/2020,3.9,2020-06-30 00:00:00+00:00,7693.09,8655.039109,3.199299299
63,63,696,DEU,01/07/2020,4,2020-07-31 00:00:00+00:00,7717.5375,8684.458901,3.200900901
64,64,697,DEU,01/08/2020,4.1,2020-08-31 00:00:00+00:00,8968.646667,8713.78477,3.202502503
65,65,698,DEU,01/09/2020,4.1,2020-09-30 00:00:00+00:00,8304.48,8743.016055,3.204104104
66,66,699,DEU,01/10/2020,4.1,2020-10-31 00:00:00+00:00,9331.256667,8772.152101,3.205705706
67,67,700,DEU,01/11/2020,4.1,2020-11-30 00:00:00+00:00,12850.81,8801.192256,3.207307307
68,68,701,DEU,01/12/2020,4,2020-12-31 00:00:00+00:00,16988.72333,8830.135871,3.208908909
69,69,702,DEU,01/01/2021,3.9,2021-01-31 00:00:00+00:00,25970.10667,8858.982303,3.210510511
70,70,703,DEU,01/02/2021,3.9,2021-02-28 00:00:00+00:00,32549.94333,8887.730912,3.212112112
71,71,704,DEU,01/03/2021,3.8,2021-03-31 00:00:00+00:00,39925.35667,8916.381063,3.213713714
72,72,705,DEU,01/04/2021,3.7,2021-04-30 00:00:00+00:00,41446.51667,8944.932124,3.215315315
73,73,706,DEU,01/05/2021,3.6,2021-05-31 00:00:00+00:00,33007.26333,8973.383467,3.216916917
74,74,707,DEU,01/06/2021,3.5,2021-06-30 00:00:00+00:00,25347.84333,9001.73447,3.218518519
75,75,708,DEU,01/07/2021,3.4,2021-07-31 00:00:00+00:00,24324.59667,9029.984513,3.22012012
76,76,709,DEU,01/08/2021,3.4,2021-08-31 00:00:00+00:00,32926.09,9058.132981,3.221721722
77,77,710,DEU,01/09/2021,3.3,2021-09-30 00:00:00+00:00,33857.72,9086.179262,3.223323323
78,78,711,DEU,01/10/2021,3.3,2021-10-31 00:00:00+00:00,40583.98667,9114.122749,3.224924925
0,,,,,,,,9141.96284,3.226526527
1,,,,,,,,9169.698935,3.228128128
2,,,,,,,,9197.330439,3.22972973
3,,,,,,,,9224.856761,3.231331331
4,,,,,,,,9252.277314,3.232932933
5,,,,,,,,9279.591516,3.234534535
6,,,,,,,,9306.798786,3.236136136
7,,,,,,,,9333.89855,3.237737738
8,,,,,,,,9360.890238,3.239339339
9,,,,,,,,9387.773281,3.240940941
10,,,,,,,,9414.547117,3.242542543
11,,,,,,,,9441.211187,3.244144144
12,,,,,,,,9467.764936,3.245745746
13,,,,,,,,9494.207812,3.247347347
14,,,,,,,,9520.539268,3.248948949
15,,,,,,,,9546.758762,3.250550551
16,,,,,,,,9572.865753,3.252152152
17,,,,,,,,9598.859706,3.253753754
18,,,,,,,,9624.740091,3.255355355
19,,,,,,,,9650.506378,3.256956957
20,,,,,,,,9676.158046,3.258558559
21,,,,,,,,9701.694574,3.26016016
22,,,,,,,,9727.115445,3.261761762
23,,,,,,,,9752.42015,3.263363363
24,,,,,,,,9777.608178,3.264964965
25,,,,,,,,9802.679027,3.266566567
26,,,,,,,,9827.632196,3.268168168
27,,,,,,,,9852.467189,3.26976977
28,,,,,,,,9877.183513,3.271371371
29,,,,,,,,9901.78068,3.272972973
30,,,,,,,,9926.258204,3.274574575
31,,,,,,,,9950.615606,3.276176176
32,,,,,,,,9974.852407,3.277777778
33,,,,,,,,9998.968135,3.279379379
34,,,,,,,,10022.96232,3.280980981
35,,,,,,,,10046.8345,3.282582583
36,,,,,,,,10070.58421,3.284184184
37,,,,,,,,10094.21099,3.285785786
38,,,,,,,,10117.71438,3.287387387
39,,,,,,,,10141.09395,3.288988989
40,,,,,,,,10164.34924,3.290590591
41,,,,,,,,10187.4798,3.292192192
42,,,,,,,,10210.48521,3.293793794
43,,,,,,,,10233.36502,3.295395395
44,,,,,,,,10256.1188,3.296996997
45,,,,,,,,10278.74613,3.298598599
46,,,,,,,,10301.24658,3.3002002
47,,,,,,,,10323.61973,3.301801802
48,,,,,,,,10345.86517,3.303403403
49,,,,,,,,10367.98248,3.305005005
50,,,,,,,,10389.97125,3.306606607
51,,,,,,,,10411.83108,3.308208208
52,,,,,,,,10433.56158,3.30980981
53,,,,,,,,10455.16233,3.311411411
54,,,,,,,,10476.63294,3.313013013
55,,,,,,,,10497.97304,3.314614615
56,,,,,,,,10519.18222,3.316216216
57,,,,,,,,10540.2601,3.317817818
58,,,,,,,,10561.20632,3.319419419
59,,,,,,,,10582.02049,3.321021021
60,,,,,,,,10602.70223,3.322622623
61,,,,,,,,10623.25119,3.324224224
62,,,,,,,,10643.667,3.325825826
63,,,,,,,,10663.94929,3.327427427
64,,,,,,,,10684.09772,3.329029029
65,,,,,,,,10704.11191,3.330630631
66,,,,,,,,10723.99154,3.332232232
67,,,,,,,,10743.73625,3.333833834
68,,,,,,,,10763.34569,3.335435435
69,,,,,,,,10782.81953,3.337037037
70,,,,,,,,10802.15744,3.338638639
71,,,,,,,,10821.35907,3.34024024
72,,,,,,,,10840.42411,3.341841842
73,,,,,,,,10859.35223,3.343443443
74,,,,,,,,10878.14311,3.345045045
75,,,,,,,,10896.79643,3.346646647
76,,,,,,,,10915.31188,3.348248248
77,,,,,,,,10933.68914,3.34984985
78,,,,,,,,10951.92791,3.351451451
79,,,,,,,,10970.0279,3.353053053
80,,,,,,,,10987.98878,3.354654655
81,,,,,,,,11005.81029,3.356256256
82,,,,,,,,11023.49211,3.357857858
83,,,,,,,,11041.03396,3.359459459
84,,,,,,,,11058.43556,3.361061061
85,,,,,,,,11075.69662,3.362662663
86,,,,,,,,11092.81687,3.364264264
87,,,,,,,,11109.79603,3.365865866
88,,,,,,,,11126.63383,3.367467467
89,,,,,,,,11143.33,3.369069069
90,,,,,,,,11159.88428,3.370670671
91,,,,,,,,11176.29641,3.372272272
92,,,,,,,,11192.56612,3.373873874
93,,,,,,,,11208.69318,3.375475475
94,,,,,,,,11224.67732,3.377077077
95,,,,,,,,11240.5183,3.378678679
96,,,,,,,,11256.21587,3.38028028
97,,,,,,,,11271.76981,3.381881882
98,,,,,,,,11287.17986,3.383483483
99,,,,,,,,11302.4458,3.385085085
100,,,,,,,,11317.5674,3.386686687
101,,,,,,,,11332.54442,3.388288288
102,,,,,,,,11347.37666,3.38988989
103,,,,,,,,11362.06389,3.391491491
104,,,,,,,,11376.60589,3.393093093
105,,,,,,,,11391.00245,3.394694695
106,,,,,,,,11405.25337,3.396296296
107,,,,,,,,11419.35843,3.397897898
108,,,,,,,,11433.31743,3.399499499
109,,,,,,,,11447.13019,3.401101101
110,,,,,,,,11460.79649,3.402702703
111,,,,,,,,11474.31615,3.404304304
112,,,,,,,,11487.68898,3.405905906
113,,,,,,,,11500.91479,3.407507508
114,,,,,,,,11513.99341,3.409109109
115,,,,,,,,11526.92465,3.410710711
116,,,,,,,,11539.70834,3.412312312
117,,,,,,,,11552.34431,3.413913914
118,,,,,,,,11564.83238,3.415515516
119,,,,,,,,11577.1724,3.417117117
120,,,,,,,,11589.36419,3.418718719
121,,,,,,,,11601.40761,3.42032032
122,,,,,,,,11613.3025,3.421921922
123,,,,,,,,11625.04869,3.423523524
124,,,,,,,,11636.64606,3.425125125
125,,,,,,,,11648.09445,3.426726727
126,,,,,,,,11659.39371,3.428328328
127,,,,,,,,11670.54371,3.42992993
128,,,,,,,,11681.54432,3.431531532
129,,,,,,,,11692.3954,3.433133133
130,,,,,,,,11703.09682,3.434734735
131,,,,,,,,11713.64846,3.436336336
132,,,,,,,,11724.05019,3.437937938
133,,,,,,,,11734.30189,3.43953954
134,,,,,,,,11744.40346,3.441141141
135,,,,,,,,11754.35476,3.442742743
136,,,,,,,,11764.15571,3.444344344
137,,,,,,,,11773.80618,3.445945946
138,,,,,,,,11783.30608,3.447547548
139,,,,,,,,11792.65531,3.449149149
140,,,,,,,,11801.85377,3.450750751
141,,,,,,,,11810.90136,3.452352352
142,,,,,,,,11819.798,3.453953954
143,,,,,,,,11828.54359,3.455555556
144,,,,,,,,11837.13806,3.457157157
145,,,,,,,,11845.58132,3.458758759
146,,,,,,,,11853.8733,3.46036036
147,,,,,,,,11862.01392,3.461961962
148,,,,,,,,11870.0031,3.463563564
149,,,,,,,,11877.84079,3.465165165
150,,,,,,,,11885.52692,3.466766767
151,,,,,,,,11893.06141,3.468368368
152,,,,,,,,11900.44423,3.46996997
153,,,,,,,,11907.6753,3.471571572
154,,,,,,,,11914.75458,3.473173173
155,,,,,,,,11921.68201,3.474774775
156,,,,,,,,11928.45756,3.476376376
157,,,,,,,,11935.08117,3.477977978
158,,,,,,,,11941.55281,3.47957958
159,,,,,,,,11947.87244,3.481181181
160,,,,,,,,11954.04003,3.482782783
161,,,,,,,,11960.05554,3.484384384
162,,,,,,,,11965.91895,3.485985986
163,,,,,,,,11971.63023,3.487587588
164,,,,,,,,11977.18936,3.489189189
165,,,,,,,,11982.59632,3.490790791
166,,,,,,,,11987.8511,3.492392392
167,,,,,,,,11992.95368,3.493993994
168,,,,,,,,11997.90406,3.495595596
169,,,,,,,,12002.70222,3.497197197
170,,,,,,,,12007.34817,3.498798799
171,,,,,,,,12011.84189,3.5004004
172,,,,,,,,12016.18341,3.502002002
173,,,,,,,,12020.37271,3.503603604
174,,,,,,,,12024.40981,3.505205205
175,,,,,,,,12028.29473,3.506806807
176,,,,,,,,12032.02747,3.508408408
177,,,,,,,,12035.60805,3.51001001
178,,,,,,,,12039.03649,3.511611612
179,,,,,,,,12042.31282,3.513213213
180,,,,,,,,12045.43706,3.514814815
181,,,,,,,,12048.40925,3.516416416
182,,,,,,,,12051.2294,3.518018018
183,,,,,,,,12053.89757,3.51961962
184,,,,,,,,12056.41378,3.521221221
185,,,,,,,,12058.77808,3.522822823
186,,,,,,,,12060.99052,3.524424424
187,,,,,,,,12063.05113,3.526026026
188,,,,,,,,12064.95997,3.527627628
189,,,,,,,,12066.71709,3.529229229
190,,,,,,,,12068.32255,3.530830831
191,,,,,,,,12069.77641,3.532432432
192,,,,,,,,12071.07872,3.534034034
193,,,,,,,,12072.22955,3.535635636
194,,,,,,,,12073.22897,3.537237237
195,,,,,,,,12074.07705,3.538838839
196,,,,,,,,12074.77386,3.54044044
197,,,,,,,,12075.31947,3.542042042
198,,,,,,,,12075.71397,3.543643644
199,,,,,,,,12075.95744,3.545245245
200,,,,,,,,12076.04996,3.546846847
201,,,,,,,,12075.99161,3.548448448
202,,,,,,,,12075.7825,3.55005005
203,,,,,,,,12075.4227,3.551651652
204,,,,,,,,12074.91232,3.553253253
205,,,,,,,,12074.25146,3.554854855
206,,,,,,,,12073.44021,3.556456456
207,,,,,,,,12072.47868,3.558058058
208,,,,,,,,12071.36698,3.55965966
209,,,,,,,,12070.10521,3.561261261
210,,,,,,,,12068.6935,3.562862863
211,,,,,,,,12067.13194,3.564464464
212,,,,,,,,12065.42067,3.566066066
213,,,,,,,,12063.5598,3.567667668
214,,,,,,,,12061.54946,3.569269269
215,,,,,,,,12059.38976,3.570870871
216,,,,,,,,12057.08085,3.572472472
217,,,,,,,,12054.62285,3.574074074
218,,,,,,,,12052.0159,3.575675676
219,,,,,,,,12049.26013,3.577277277
220,,,,,,,,12046.35568,3.578878879
221,,,,,,,,12043.3027,3.58048048
222,,,,,,,,12040.10133,3.582082082
223,,,,,,,,12036.75173,3.583683684
224,,,,,,,,12033.25403,3.585285285
225,,,,,,,,12029.60839,3.586886887
226,,,,,,,,12025.81498,3.588488488
227,,,,,,,,12021.87394,3.59009009
228,,,,,,,,12017.78544,3.591691692
229,,,,,,,,12013.54964,3.593293293
230,,,,,,,,12009.16672,3.594894895
231,,,,,,,,12004.63684,3.596496496
232,,,,,,,,11999.96016,3.598098098
233,,,,,,,,11995.13688,3.5996997
234,,,,,,,,11990.16715,3.601301301
235,,,,,,,,11985.05118,3.602902903
236,,,,,,,,11979.78912,3.604504505
237,,,,,,,,11974.38118,3.606106106
238,,,,,,,,11968.82754,3.607707708
239,,,,,,,,11963.12839,3.609309309
240,,,,,,,,11957.28392,3.610910911
241,,,,,,,,11951.29433,3.612512513
242,,,,,,,,11945.15981,3.614114114
243,,,,,,,,11938.88058,3.615715716
244,,,,,,,,11932.45682,3.617317317
245,,,,,,,,11925.88875,3.618918919
246,,,,,,,,11919.17657,3.620520521
247,,,,,,,,11912.32051,3.622122122
248,,,,,,,,11905.32076,3.623723724
249,,,,,,,,11898.17754,3.625325325
250,,,,,,,,11890.89108,3.626926927
251,,,,,,,,11883.4616,3.628528529
252,,,,,,,,11875.88932,3.63013013
253,,,,,,,,11868.17446,3.631731732
254,,,,,,,,11860.31726,3.633333333
255,,,,,,,,11852.31794,3.634934935
256,,,,,,,,11844.17675,3.636536537
257,,,,,,,,11835.89391,3.638138138
258,,,,,,,,11827.46966,3.63973974
259,,,,,,,,11818.90425,3.641341341
260,,,,,,,,11810.19792,3.642942943
261,,,,,,,,11801.35092,3.644544545
262,,,,,,,,11792.36349,3.646146146
263,,,,,,,,11783.23589,3.647747748
264,,,,,,,,11773.96837,3.649349349
265,,,,,,,,11764.56119,3.650950951
266,,,,,,,,11755.0146,3.652552553
267,,,,,,,,11745.32887,3.654154154
268,,,,,,,,11735.50425,3.655755756
269,,,,,,,,11725.54102,3.657357357
270,,,,,,,,11715.43945,3.658958959
271,,,,,,,,11705.19979,3.660560561
272,,,,,,,,11694.82234,3.662162162
273,,,,,,,,11684.30736,3.663763764
274,,,,,,,,11673.65513,3.665365365
275,,,,,,,,11662.86593,3.666966967
276,,,,,,,,11651.94004,3.668568569
277,,,,,,,,11640.87775,3.67017017
278,,,,,,,,11629.67935,3.671771772
279,,,,,,,,11618.34512,3.673373373
280,,,,,,,,11606.87537,3.674974975
281,,,,,,,,11595.27037,3.676576577
282,,,,,,,,11583.53044,3.678178178
283,,,,,,,,11571.65586,3.67977978
284,,,,,,,,11559.64695,3.681381381
285,,,,,,,,11547.504,3.682982983
286,,,,,,,,11535.22732,3.684584585
287,,,,,,,,11522.81721,3.686186186
288,,,,,,,,11510.274,3.687787788
289,,,,,,,,11497.598,3.689389389
290,,,,,,,,11484.78951,3.690990991
291,,,,,,,,11471.84885,3.692592593
292,,,,,,,,11458.77636,3.694194194
293,,,,,,,,11445.57234,3.695795796
294,,,,,,,,11432.23713,3.697397397
295,,,,,,,,11418.77105,3.698998999
296,,,,,,,,11405.17442,3.700600601
297,,,,,,,,11391.44759,3.702202202
298,,,,,,,,11377.59089,3.703803804
299,,,,,,,,11363.60464,3.705405405
300,,,,,,,,11349.48919,3.707007007
301,,,,,,,,11335.24489,3.708608609
302,,,,,,,,11320.87206,3.71021021
303,,,,,,,,11306.37106,3.711811812
304,,,,,,,,11291.74224,3.713413413
305,,,,,,,,11276.98594,3.715015015
306,,,,,,,,11262.10251,3.716616617
307,,,,,,,,11247.09231,3.718218218
308,,,,,,,,11231.9557,3.71981982
309,,,,,,,,11216.69303,3.721421421
310,,,,,,,,11201.30466,3.723023023
311,,,,,,,,11185.79096,3.724624625
312,,,,,,,,11170.15229,3.726226226
313,,,,,,,,11154.38902,3.727827828
314,,,,,,,,11138.50151,3.729429429
315,,,,,,,,11122.49014,3.731031031
316,,,,,,,,11106.35527,3.732632633
317,,,,,,,,11090.0973,3.734234234
318,,,,,,,,11073.71658,3.735835836
319,,,,,,,,11057.21351,3.737437437
320,,,,,,,,11040.58847,3.739039039
321,,,,,,,,11023.84183,3.740640641
322,,,,,,,,11006.97399,3.742242242
323,,,,,,,,10989.98533,3.743843844
324,,,,,,,,10972.87624,3.745445445
325,,,,,,,,10955.64712,3.747047047
326,,,,,,,,10938.29836,3.748648649
327,,,,,,,,10920.83035,3.75025025
328,,,,,,,,10903.2435,3.751851852
329,,,,,,,,10885.5382,3.753453453
330,,,,,,,,10867.71486,3.755055055
331,,,,,,,,10849.77389,3.756656657
332,,,,,,,,10831.71568,3.758258258
333,,,,,,,,10813.54065,3.75985986
334,,,,,,,,10795.24921,3.761461461
335,,,,,,,,10776.84178,3.763063063
336,,,,,,,,10758.31876,3.764664665
337,,,,,,,,10739.68057,3.766266266
338,,,,,,,,10720.92764,3.767867868
339,,,,,,,,10702.06038,3.769469469
340,,,,,,,,10683.07922,3.771071071
341,,,,,,,,10663.98458,3.772672673
342,,,,,,,,10644.77689,3.774274274
343,,,,,,,,10625.45658,3.775875876
344,,,,,,,,10606.02408,3.777477477
345,,,,,,,,10586.47982,3.779079079
346,,,,,,,,10566.82424,3.780680681
347,,,,,,,,10547.05777,3.782282282
348,,,,,,,,10527.18085,3.783883884
349,,,,,,,,10507.19393,3.785485485
350,,,,,,,,10487.09744,3.787087087
351,,,,,,,,10466.89183,3.788688689
352,,,,,,,,10446.57755,3.79029029
353,,,,,,,,10426.15505,3.791891892
354,,,,,,,,10405.62477,3.793493493
355,,,,,,,,10384.98717,3.795095095
356,,,,,,,,10364.2427,3.796696697
357,,,,,,,,10343.39182,3.798298298
358,,,,,,,,10322.43499,3.7998999
359,,,,,,,,10301.37267,3.801501502
360,,,,,,,,10280.20531,3.803103103
361,,,,,,,,10258.93339,3.804704705
362,,,,,,,,10237.55737,3.806306306
363,,,,,,,,10216.07771,3.807907908
364,,,,,,,,10194.49488,3.80950951
365,,,,,,,,10172.80936,3.811111111
366,,,,,,,,10151.02162,3.812712713
367,,,,,,,,10129.13214,3.814314314
368,,,,,,,,10107.14138,3.815915916
369,,,,,,,,10085.04984,3.817517518
370,,,,,,,,10062.85798,3.819119119
371,,,,,,,,10040.56629,3.820720721
372,,,,,,,,10018.17526,3.822322322
373,,,,,,,,9995.68537,3.823923924
374,,,,,,,,9973.097109,3.825525526
375,,,,,,,,9950.410965,3.827127127
376,,,,,,,,9927.627431,3.828728729
377,,,,,,,,9904.746999,3.83033033
378,,,,,,,,9881.770164,3.831931932
379,,,,,,,,9858.697422,3.833533534
380,,,,,,,,9835.529271,3.835135135
381,,,,,,,,9812.266212,3.836736737
382,,,,,,,,9788.908746,3.838338338
383,,,,,,,,9765.457377,3.83993994
384,,,,,,,,9741.91261,3.841541542
385,,,,,,,,9718.274952,3.843143143
386,,,,,,,,9694.544912,3.844744745
387,,,,,,,,9670.723,3.846346346
388,,,,,,,,9646.809728,3.847947948
389,,,,,,,,9622.80561,3.84954955
390,,,,,,,,9598.711162,3.851151151
391,,,,,,,,9574.526901,3.852752753
392,,,,,,,,9550.253345,3.854354354
393,,,,,,,,9525.891016,3.855955956
394,,,,,,,,9501.440436,3.857557558
395,,,,,,,,9476.902129,3.859159159
396,,,,,,,,9452.27662,3.860760761
397,,,,,,,,9427.564437,3.862362362
398,,,,,,,,9402.766109,3.863963964
399,,,,,,,,9377.882166,3.865565566
400,,,,,,,,9352.91314,3.867167167
401,,,,,,,,9327.859566,3.868768769
402,,,,,,,,9302.72198,3.87037037
403,,,,,,,,9277.500917,3.871971972
404,,,,,,,,9252.196918,3.873573574
405,,,,,,,,9226.810522,3.875175175
406,,,,,,,,9201.342272,3.876776777
407,,,,,,,,9175.79271,3.878378378
408,,,,,,,,9150.162383,3.87997998
409,,,,,,,,9124.451837,3.881581582
410,,,,,,,,9098.661621,3.883183183
411,,,,,,,,9072.792283,3.884784785
412,,,,,,,,9046.844377,3.886386386
413,,,,,,,,9020.818455,3.887987988
414,,,,,,,,8994.715072,3.88958959
415,,,,,,,,8968.534784,3.891191191
416,,,,,,,,8942.278149,3.892792793
417,,,,,,,,8915.945725,3.894394394
418,,,,,,,,8889.538075,3.895995996
419,,,,,,,,8863.05576,3.897597598
420,,,,,,,,8836.499344,3.899199199
421,,,,,,,,8809.869393,3.900800801
422,,,,,,,,8783.166473,3.902402402
423,,,,,,,,8756.391153,3.904004004
424,,,,,,,,8729.544003,3.905605606
425,,,,,,,,8702.625595,3.907207207
426,,,,,,,,8675.636501,3.908808809
427,,,,,,,,8648.577296,3.91041041
428,,,,,,,,8621.448555,3.912012012
429,,,,,,,,8594.250857,3.913613614
430,,,,,,,,8566.984779,3.915215215
431,,,,,,,,8539.650903,3.916816817
432,,,,,,,,8512.249809,3.918418418
433,,,,,,,,8484.782081,3.92002002
434,,,,,,,,8457.248304,3.921621622
435,,,,,,,,8429.649064,3.923223223
436,,,,,,,,8401.984948,3.924824825
437,,,,,,,,8374.256545,3.926426426
438,,,,,,,,8346.464445,3.928028028
439,,,,,,,,8318.609241,3.92962963
440,,,,,,,,8290.691525,3.931231231
441,,,,,,,,8262.711892,3.932832833
442,,,,,,,,8234.670938,3.934434434
443,,,,,,,,8206.56926,3.936036036
444,,,,,,,,8178.407457,3.937637638
445,,,,,,,,8150.186129,3.939239239
446,,,,,,,,8121.905878,3.940840841
447,,,,,,,,8093.567305,3.942442442
448,,,,,,,,8065.171016,3.944044044
449,,,,,,,,8036.717616,3.945645646
450,,,,,,,,8008.207712,3.947247247
451,,,,,,,,7979.641912,3.948848849
452,,,,,,,,7951.020825,3.95045045
453,,,,,,,,7922.345063,3.952052052
454,,,,,,,,7893.615238,3.953653654
455,,,,,,,,7864.831962,3.955255255
456,,,,,,,,7835.995852,3.956856857
457,,,,,,,,7807.107522,3.958458458
458,,,,,,,,7778.167592,3.96006006
459,,,,,,,,7749.176678,3.961661662
460,,,,,,,,7720.135402,3.963263263
461,,,,,,,,7691.044384,3.964864865
462,,,,,,,,7661.904247,3.966466466
463,,,,,,,,7632.715615,3.968068068
464,,,,,,,,7603.479113,3.96966967
465,,,,,,,,7574.195367,3.971271271
466,,,,,,,,7544.865005,3.972872873
467,,,,,,,,7515.488656,3.974474474
468,,,,,,,,7486.066949,3.976076076
469,,,,,,,,7456.600517,3.977677678
470,,,,,,,,7427.089991,3.979279279
471,,,,,,,,7397.536005,3.980880881
472,,,,,,,,7367.939195,3.982482482
473,,,,,,,,7338.300196,3.984084084
474,,,,,,,,7308.619646,3.985685686
475,,,,,,,,7278.898183,3.987287287
476,,,,,,,,7249.136448,3.988888889
477,,,,,,,,7219.33508,3.99049049
478,,,,,,,,7189.494723,3.992092092
479,,,,,,,,7159.616019,3.993693694
480,,,,,,,,7129.699613,3.995295295
481,,,,,,,,7099.74615,3.996896897
482,,,,,,,,7069.756278,3.998498498
483,,,,,,,,7039.730644,4.0001001
484,,,,,,,,7009.669897,4.001701702
485,,,,,,,,6979.574687,4.003303303
486,,,,,,,,6949.445666,4.004904905
487,,,,,,,,6919.283487,4.006506507
488,,,,,,,,6889.088802,4.008108108
489,,,,,,,,6858.862267,4.00970971
490,,,,,,,,6828.604537,4.011311311
491,,,,,,,,6798.316269,4.012912913
492,,,,,,,,6767.998121,4.014514515
493,,,,,,,,6737.650752,4.016116116
494,,,,,,,,6707.274822,4.017717718
495,,,,,,,,6676.870993,4.019319319
496,,,,,,,,6646.439927,4.020920921
497,,,,,,,,6615.982286,4.022522523
498,,,,,,,,6585.498737,4.024124124
499,,,,,,,,6554.989943,4.025725726
500,,,,,,,,6524.456572,4.027327327
501,,,,,,,,6493.899291,4.028928929
502,,,,,,,,6463.318769,4.030530531
503,,,,,,,,6432.715674,4.032132132
504,,,,,,,,6402.090679,4.033733734
505,,,,,,,,6371.444455,4.035335335
506,,,,,,,,6340.777673,4.036936937
507,,,,,,,,6310.091009,4.038538539
508,,,,,,,,6279.385136,4.04014014
509,,,,,,,,6248.66073,4.041741742
510,,,,,,,,6217.918468,4.043343343
511,,,,,,,,6187.159028,4.044944945
512,,,,,,,,6156.383088,4.046546547
513,,,,,,,,6125.591327,4.048148148
514,,,,,,,,6094.784426,4.04974975
515,,,,,,,,6063.963068,4.051351351
516,,,,,,,,6033.127933,4.052952953
517,,,,,,,,6002.279706,4.054554555
518,,,,,,,,5971.419071,4.056156156
519,,,,,,,,5940.546712,4.057757758
520,,,,,,,,5909.663317,4.059359359
521,,,,,,,,5878.769572,4.060960961
522,,,,,,,,5847.866166,4.062562563
523,,,,,,,,5816.953787,4.064164164
524,,,,,,,,5786.033125,4.065765766
525,,,,,,,,5755.104871,4.067367367
526,,,,,,,,5724.169716,4.068968969
527,,,,,,,,5693.228353,4.070570571
528,,,,,,,,5662.281476,4.072172172
529,,,,,,,,5631.329778,4.073773774
530,,,,,,,,5600.373954,4.075375375
531,,,,,,,,5569.414702,4.076976977
532,,,,,,,,5538.452716,4.078578579
533,,,,,,,,5507.488696,4.08018018
534,,,,,,,,5476.52334,4.081781782
535,,,,,,,,5445.557346,4.083383383
536,,,,,,,,5414.591416,4.084984985
537,,,,,,,,5383.62625,4.086586587
538,,,,,,,,5352.66255,4.088188188
539,,,,,,,,5321.701019,4.08978979
540,,,,,,,,5290.74236,4.091391391
541,,,,,,,,5259.787278,4.092992993
542,,,,,,,,5228.836476,4.094594595
543,,,,,,,,5197.890663,4.096196196
544,,,,,,,,5166.950543,4.097797798
545,,,,,,,,5136.016824,4.099399399
546,,,,,,,,5105.090215,4.101001001
547,,,,,,,,5074.171424,4.102602603
548,,,,,,,,5043.261161,4.104204204
549,,,,,,,,5012.360137,4.105805806
550,,,,,,,,4981.469063,4.107407407
551,,,,,,,,4950.58865,4.109009009
552,,,,,,,,4919.719612,4.110610611
553,,,,,,,,4888.862661,4.112212212
554,,,,,,,,4858.018512,4.113813814
555,,,,,,,,4827.18788,4.115415415
556,,,,,,,,4796.37148,4.117017017
557,,,,,,,,4765.570028,4.118618619
558,,,,,,,,4734.784242,4.12022022
559,,,,,,,,4704.014839,4.121821822
560,,,,,,,,4673.262538,4.123423423
561,,,,,,,,4642.528057,4.125025025
562,,,,,,,,4611.812116,4.126626627
563,,,,,,,,4581.115435,4.128228228
564,,,,,,,,4550.438736,4.12982983
565,,,,,,,,4519.78274,4.131431431
566,,,,,,,,4489.14817,4.133033033
567,,,,,,,,4458.535748,4.134634635
568,,,,,,,,4427.946198,4.136236236
569,,,,,,,,4397.380244,4.137837838
570,,,,,,,,4366.838612,4.139439439
571,,,,,,,,4336.322026,4.141041041
572,,,,,,,,4305.831213,4.142642643
573,,,,,,,,4275.3669,4.144244244
574,,,,,,,,4244.929813,4.145845846
575,,,,,,,,4214.520681,4.147447447
576,,,,,,,,4184.140233,4.149049049
577,,,,,,,,4153.789197,4.150650651
578,,,,,,,,4123.468302,4.152252252
579,,,,,,,,4093.178281,4.153853854
580,,,,,,,,4062.919862,4.155455455
581,,,,,,,,4032.693778,4.157057057
582,,,,,,,,4002.50076,4.158658659
583,,,,,,,,3972.341541,4.16026026
584,,,,,,,,3942.216854,4.161861862
585,,,,,,,,3912.127432,4.163463463
586,,,,,,,,3882.074011,4.165065065
587,,,,,,,,3852.057323,4.166666667
588,,,,,,,,3822.078105,4.168268268
589,,,,,,,,3792.137091,4.16986987
590,,,,,,,,3762.235019,4.171471471
591,,,,,,,,3732.372625,4.173073073
592,,,,,,,,3702.550646,4.174674675
593,,,,,,,,3672.769819,4.176276276
594,,,,,,,,3643.030883,4.177877878
595,,,,,,,,3613.334577,4.179479479
596,,,,,,,,3583.681639,4.181081081
597,,,,,,,,3554.072809,4.182682683
598,,,,,,,,3524.508827,4.184284284
599,,,,,,,,3494.990433,4.185885886
600,,,,,,,,3465.518369,4.187487487
601,,,,,,,,3436.093376,4.189089089
602,,,,,,,,3406.716195,4.190690691
603,,,,,,,,3377.387569,4.192292292
604,,,,,,,,3348.108241,4.193893894
605,,,,,,,,3318.878953,4.195495495
606,,,,,,,,3289.700448,4.197097097
607,,,,,,,,3260.573472,4.198698699
608,,,,,,,,3231.498768,4.2003003
609,,,,,,,,3202.47708,4.201901902
610,,,,,,,,3173.509154,4.203503504
611,,,,,,,,3144.595736,4.205105105
612,,,,,,,,3115.73757,4.206706707
613,,,,,,,,3086.935404,4.208308308
614,,,,,,,,3058.189983,4.20990991
615,,,,,,,,3029.502056,4.211511512
616,,,,,,,,3000.872368,4.213113113
617,,,,,,,,2972.301668,4.214714715
618,,,,,,,,2943.790703,4.216316316
619,,,,,,,,2915.340222,4.217917918
620,,,,,,,,2886.950973,4.21951952
621,,,,,,,,2858.623706,4.221121121
622,,,,,,,,2830.35917,4.222722723
623,,,,,,,,2802.158113,4.224324324
624,,,,,,,,2774.021286,4.225925926
625,,,,,,,,2745.94944,4.227527528
626,,,,,,,,2717.943324,4.229129129
627,,,,,,,,2690.00369,4.230730731
628,,,,,,,,2662.131288,4.232332332
629,,,,,,,,2634.326869,4.233933934
630,,,,,,,,2606.591186,4.235535536
631,,,,,,,,2578.92499,4.237137137
632,,,,,,,,2551.329033,4.238738739
633,,,,,,,,2523.804067,4.24034034
634,,,,,,,,2496.350846,4.241941942
635,,,,,,,,2468.970121,4.243543544
636,,,,,,,,2441.662646,4.245145145
637,,,,,,,,2414.429174,4.246746747
638,,,,,,,,2387.270459,4.248348348
639,,,,,,,,2360.187254,4.24994995
640,,,,,,,,2333.180313,4.251551552
641,,,,,,,,2306.250391,4.253153153
642,,,,,,,,2279.398241,4.254754755
643,,,,,,,,2252.624618,4.256356356
644,,,,,,,,2225.930278,4.257957958
645,,,,,,,,2199.315974,4.25955956
646,,,,,,,,2172.782461,4.261161161
647,,,,,,,,2146.330496,4.262762763
648,,,,,,,,2119.960833,4.264364364
649,,,,,,,,2093.674228,4.265965966
650,,,,,,,,2067.471436,4.267567568
651,,,,,,,,2041.353214,4.269169169
652,,,,,,,,2015.320317,4.270770771
653,,,,,,,,1989.373501,4.272372372
654,,,,,,,,1963.513523,4.273973974
655,,,,,,,,1937.741139,4.275575576
656,,,,,,,,1912.057105,4.277177177
657,,,,,,,,1886.462178,4.278778779
658,,,,,,,,1860.957114,4.28038038
659,,,,,,,,1835.54267,4.281981982
660,,,,,,,,1810.219604,4.283583584
661,,,,,,,,1784.988671,4.285185185
662,,,,,,,,1759.850629,4.286786787
663,,,,,,,,1734.806236,4.288388388
664,,,,,,,,1709.856247,4.28998999
665,,,,,,,,1685.001421,4.291591592
666,,,,,,,,1660.242514,4.293193193
667,,,,,,,,1635.580284,4.294794795
668,,,,,,,,1611.015488,4.296396396
669,,,,,,,,1586.548883,4.297997998
670,,,,,,,,1562.181228,4.2995996
671,,,,,,,,1537.913278,4.301201201
672,,,,,,,,1513.745792,4.302802803
673,,,,,,,,1489.679527,4.304404404
674,,,,,,,,1465.715241,4.306006006
675,,,,,,,,1441.853691,4.307607608
676,,,,,,,,1418.095634,4.309209209
677,,,,,,,,1394.441828,4.310810811
678,,,,,,,,1370.89303,4.312412412
679,,,,,,,,1347.449998,4.314014014
680,,,,,,,,1324.113488,4.315615616
681,,,,,,,,1300.884259,4.317217217
682,,,,,,,,1277.763067,4.318818819
683,,,,,,,,1254.75067,4.32042042
684,,,,,,,,1231.847825,4.322022022
685,,,,,,,,1209.055289,4.323623624
686,,,,,,,,1186.373818,4.325225225
687,,,,,,,,1163.804171,4.326826827
688,,,,,,,,1141.347103,4.328428428
689,,,,,,,,1119.003372,4.33003003
690,,,,,,,,1096.773734,4.331631632
691,,,,,,,,1074.658947,4.333233233
692,,,,,,,,1052.659765,4.334834835
693,,,,,,,,1030.776947,4.336436436
694,,,,,,,,1009.011247,4.338038038
695,,,,,,,,987.3634228,4.33963964
696,,,,,,,,965.8342297,4.341241241
697,,,,,,,,944.4244238,4.342842843
698,,,,,,,,923.1347609,4.344444444
699,,,,,,,,901.9659965,4.346046046
700,,,,,,,,880.918886,4.347647648
701,,,,,,,,859.9941849,4.349249249
702,,,,,,,,839.1926482,4.350850851
703,,,,,,,,818.515031,4.352452452
704,,,,,,,,797.962088,4.354054054
705,,,,,,,,777.5345739,4.355655656
706,,,,,,,,757.233243,4.357257257
707,,,,,,,,737.0588497,4.358858859
708,,,,,,,,717.0121479,4.36046046
709,,,,,,,,697.0938916,4.362062062
710,,,,,,,,677.3048343,4.363663664
711,,,,,,,,657.6457295,4.365265265
712,,,,,,,,638.1173303,4.366866867
713,,,,,,,,618.7203897,4.368468468
714,,,,,,,,599.4556604,4.37007007
715,,,,,,,,580.323895,4.371671672
716,,,,,,,,561.3258456,4.373273273
717,,,,,,,,542.4622643,4.374874875
718,,,,,,,,523.7339027,4.376476476
719,,,,,,,,505.1415124,4.378078078
720,,,,,,,,486.6858445,4.37967968
721,,,,,,,,468.36765,4.381281281
722,,,,,,,,450.1876794,4.382882883
723,,,,,,,,432.1466832,4.384484484
724,,,,,,,,414.2454114,4.386086086
725,,,,,,,,396.4846137,4.387687688
726,,,,,,,,378.8650396,4.389289289
727,,,,,,,,361.3874382,4.390890891
728,,,,,,,,344.0525584,4.392492492
729,,,,,,,,326.8611486,4.394094094
730,,,,,,,,309.813957,4.395695696
731,,,,,,,,292.9117314,4.397297297
732,,,,,,,,276.1552193,4.398898899
733,,,,,,,,259.5451678,4.400500501
734,,,,,,,,243.0823238,4.402102102
735,,,,,,,,226.7674336,4.403703704
736,,,,,,,,210.6012432,4.405305305
737,,,,,,,,194.5844985,4.406906907
738,,,,,,,,178.7179446,4.408508509
739,,,,,,,,163.0023265,4.41011011
740,,,,,,,,147.4383888,4.411711712
741,,,,,,,,132.0268756,4.413313313
742,,,,,,,,116.7685305,4.414914915
743,,,,,,,,101.6640969,4.416516517
744,,,,,,,,86.71431783,4.418118118
745,,,,,,,,71.91993563,4.41971972
746,,,,,,,,57.28169243,4.421321321
747,,,,,,,,42.80032985,4.422922923
748,,,,,,,,28.47658908,4.424524525
749,,,,,,,,14.31121089,4.426126126
750,,,,,,,,0.304935553,4.427727728
751,,,,,,,,-13.54149708,4.429329329
752,,,,,,,,-27.2273476,4.430930931
753,,,,,,,,-40.75187711,4.432532533
754,,,,,,,,-54.11434718,4.434134134
755,,,,,,,,-67.31401982,4.435735736
756,,,,,,,,-80.35015757,4.437337337
757,,,,,,,,-93.22202346,4.438938939
758,,,,,,,,-105.928881,4.440540541
759,,,,,,,,-118.4699941,4.442142142
760,,,,,,,,-130.8446275,4.443743744
761,,,,,,,,-143.0520461,4.445345345
762,,,,,,,,-155.0915154,4.446946947
763,,,,,,,,-166.9623017,4.448548549
764,,,,,,,,-178.6636715,4.45015015
765,,,,,,,,-190.1948919,4.451751752
766,,,,,,,,-201.5552307,4.453353353
767,,,,,,,,-212.7439562,4.454954955
768,,,,,,,,-223.7603371,4.456556557
769,,,,,,,,-234.6036429,4.458158158
770,,,,,,,,-245.2731435,4.45975976
771,,,,,,,,-255.7681094,4.461361361
772,,,,,,,,-266.0878117,4.462962963
773,,,,,,,,-276.2315222,4.464564565
774,,,,,,,,-286.1985131,4.466166166
775,,,,,,,,-295.9880574,4.467767768
776,,,,,,,,-305.5994285,4.469369369
777,,,,,,,,-315.0319005,4.470970971
778,,,,,,,,-324.2847481,4.472572573
779,,,,,,,,-333.3572468,4.474174174
780,,,,,,,,-342.2486724,4.475775776
781,,,,,,,,-350.9583016,4.477377377
782,,,,,,,,-359.4854117,4.478978979
783,,,,,,,,-367.8292805,4.480580581
784,,,,,,,,-375.9891866,4.482182182
785,,,,,,,,-383.9644093,4.483783784
786,,,,,,,,-391.7542283,4.485385385
787,,,,,,,,-399.3579243,4.486986987
788,,,,,,,,-406.7747785,4.488588589
789,,,,,,,,-414.0040727,4.49019019
790,,,,,,,,-421.0450897,4.491791792
791,,,,,,,,-427.8971127,4.493393393
792,,,,,,,,-434.5594256,4.494994995
793,,,,,,,,-441.0313132,4.496596597
794,,,,,,,,-447.312061,4.498198198
795,,,,,,,,-453.400955,4.4997998
796,,,,,,,,-459.2972821,4.501401401
797,,,,,,,,-465.0003299,4.503003003
798,,,,,,,,-470.5093868,4.504604605
799,,,,,,,,-475.8237418,4.506206206
800,,,,,,,,-480.9426847,4.507807808
801,,,,,,,,-485.8655061,4.509409409
802,,,,,,,,-490.5914973,4.511011011
803,,,,,,,,-495.1199505,4.512612613
804,,,,,,,,-499.4501586,4.514214214
805,,,,,,,,-503.5814152,4.515815816
806,,,,,,,,-507.5130147,4.517417417
807,,,,,,,,-511.2442523,4.519019019
808,,,,,,,,-514.7744242,4.520620621
809,,,,,,,,-518.1028271,4.522222222
810,,,,,,,,-521.2287587,4.523823824
811,,,,,,,,-524.1515174,4.525425425
812,,,,,,,,-526.8704025,4.527027027
813,,,,,,,,-529.3847142,4.528628629
814,,,,,,,,-531.6937533,4.53023023
815,,,,,,,,-533.7968217,4.531831832
816,,,,,,,,-535.6932219,4.533433433
817,,,,,,,,-537.3822575,4.535035035
818,,,,,,,,-538.8632327,4.536636637
819,,,,,,,,-540.1354528,4.538238238
820,,,,,,,,-541.1982238,4.53983984
821,,,,,,,,-542.0508527,4.541441441
822,,,,,,,,-542.6926472,4.543043043
823,,,,,,,,-543.1229162,4.544644645
824,,,,,,,,-543.3409691,4.546246246
825,,,,,,,,-543.3461164,4.547847848
826,,,,,,,,-543.1376696,4.549449449
827,,,,,,,,-542.7149411,4.551051051
828,,,,,,,,-542.0772439,4.552652653
829,,,,,,,,-541.2238923,4.554254254
830,,,,,,,,-540.1542013,4.555855856
831,,,,,,,,-538.867487,4.557457457
832,,,,,,,,-537.3630662,4.559059059
833,,,,,,,,-535.640257,4.560660661
834,,,,,,,,-533.6983781,4.562262262
835,,,,,,,,-531.5367494,4.563863864
836,,,,,,,,-529.1546917,4.565465465
837,,,,,,,,-526.5515266,4.567067067
838,,,,,,,,-523.7265769,4.568668669
839,,,,,,,,-520.6791664,4.57027027
840,,,,,,,,-517.4086197,4.571871872
841,,,,,,,,-513.9142625,4.573473473
842,,,,,,,,-510.1954214,4.575075075
843,,,,,,,,-506.2514243,4.576676677
844,,,,,,,,-502.0815997,4.578278278
845,,,,,,,,-497.6852775,4.57987988
846,,,,,,,,-493.0617883,4.581481481
847,,,,,,,,-488.210464,4.583083083
848,,,,,,,,-483.1306374,4.584684685
849,,,,,,,,-477.8216423,4.586286286
850,,,,,,,,-472.2828136,4.587887888
851,,,,,,,,-466.5134873,4.589489489
852,,,,,,,,-460.5130004,4.591091091
853,,,,,,,,-454.2806911,4.592692693
854,,,,,,,,-447.8158984,4.594294294
855,,,,,,,,-441.1179626,4.595895896
856,,,,,,,,-434.186225,4.597497497
857,,,,,,,,-427.0200281,4.599099099
858,,,,,,,,-419.6187154,4.600700701
859,,,,,,,,-411.9816314,4.602302302
860,,,,,,,,-404.1081219,4.603903904
861,,,,,,,,-395.9975337,4.605505506
862,,,,,,,,-387.6492148,4.607107107
863,,,,,,,,-379.0625143,4.608708709
864,,,,,,,,-370.2367823,4.61031031
865,,,,,,,,-361.1713702,4.611911912
866,,,,,,,,-351.8656305,4.613513514
867,,,,,,,,-342.318917,4.615115115
868,,,,,,,,-332.5305842,4.616716717
869,,,,,,,,-322.4999883,4.618318318
870,,,,,,,,-312.2264863,4.61991992
871,,,,,,,,-301.7094366,4.621521522
872,,,,,,,,-290.9481987,4.623123123
873,,,,,,,,-279.9421331,4.624724725
874,,,,,,,,-268.6906018,4.626326326
875,,,,,,,,-257.1929678,4.627927928
876,,,,,,,,-245.4485955,4.62952953
877,,,,,,,,-233.4568502,4.631131131
878,,,,,,,,-221.2170987,4.632732733
879,,,,,,,,-208.7287088,4.634334334
880,,,,,,,,-195.9910498,4.635935936
881,,,,,,,,-183.0034919,4.637537538
882,,,,,,,,-169.7654069,4.639139139
883,,,,,,,,-156.2761675,4.640740741
884,,,,,,,,-142.5351478,4.642342342
885,,,,,,,,-128.5417234,4.643943944
886,,,,,,,,-114.2952706,4.645545546
887,,,,,,,,-99.7951676,4.647147147
888,,,,,,,,-85.04079342,4.648748749
889,,,,,,,,-70.03152855,4.65035035
890,,,,,,,,-54.76675471,4.651951952
891,,,,,,,,-39.24585498,4.653553554
892,,,,,,,,-23.46821372,4.655155155
893,,,,,,,,-7.43321653,4.656756757
894,,,,,,,,8.859749642,4.658358358
895,,,,,,,,25.41129645,4.65995996
896,,,,,,,,42.22203439,4.661561562
897,,,,,,,,59.29257245,4.663163163
898,,,,,,,,76.62351841,4.664764765
899,,,,,,,,94.21547866,4.666366366
900,,,,,,,,112.0690583,4.667967968
901,,,,,,,,130.1848608,4.66956957
902,,,,,,,,148.5634888,4.671171171
903,,,,,,,,167.2055431,4.672772773
904,,,,,,,,186.1116233,4.674374374
905,,,,,,,,205.2823276,4.675975976
906,,,,,,,,224.718253,4.677577578
907,,,,,,,,244.4199947,4.679179179
908,,,,,,,,264.388147,4.680780781
909,,,,,,,,284.6233023,4.682382382
910,,,,,,,,305.1260521,4.683983984
911,,,,,,,,325.896986,4.685585586
912,,,,,,,,346.9366925,4.687187187
913,,,,,,,,368.2457587,4.688788789
914,,,,,,,,389.8247699,4.69039039
915,,,,,,,,411.6743105,4.691991992
916,,,,,,,,433.794963,4.693593594
917,,,,,,,,456.1873086,4.695195195
918,,,,,,,,478.8519271,4.696796797
919,,,,,,,,501.7893969,4.698398398
920,,,,,,,,525.0002948,4.7
